FontID,Designer,FontName,V8/V9,V6/V7,V5,V4
c768014b-90ec-4763-be01-13948118d81f,hhy,方正行黑,√,×,×,×
714d3be8-859b-4fef-81d7-bbcd77f9cc60,Lin Han,缅甸傣族字ZG,×,√,×,×
22d3d0b8-defd-4c26-b3c6-0616f99359d9,Michae,华康黑体W5拼音体,√,×,×,×
e775380c-a2f5-470f-9f37-f5feb0065c56,Moethittnyo,缅甸字体,√,×,×,×
58f0bded-85e9-4e75-82fa-5af9e006bbe4,momo,彩云追月歪歪体,√,×,×,×
60e16aef-1f9e-4e93-b1c0-419b07262ed6,momo,苍狼木刻残体,√,√,×,×
8c71203c-745e-44a0-a339-e5d32c73453f,momo,枯藤禅意体,√,×,×,×
86d322ed-458f-4989-9a12-50ef9c5109d9,momo,默陌歪歪圣诞体,√,×,×,×
d33adbd1-c8c3-437a-8557-170cc7becc6e,momo,默陌歪歪体,√,√,×,×
1037614c-625d-4285-ad59-a151b582218c,momo,默陌歪歪体月饼版,√,×,×,×
d442fa69-df47-400b-ad4c-3a544d61fb5c,momo,默陌歪歪纤瘦体,√,×,×,×
45fd8d61-3160-467e-bf09-18098fc06125,momo,默陌秀丽体,√,×,×,×
4d582be3-7215-4a7a-9b78-3f41f7583f56,momo,默陌硬笔行楷体,√,×,×,×
ab022ee3-ace7-433e-98e5-b0b9c67cb87f,momo,默陌纸鸢钢笔体,√,√,×,×
a10dc45c-cf98-4c4d-95ab-dd208faa8ad3,momo,默陌纸鸢行草书加粗,√,×,×,×
d334f37e-4d3f-47ea-aa1c-6459a13ca157,momo,小雅笔记手写体,√,√,×,×
d1bba6e6-8fbf-42a7-9c1d-a321560b58c1,MyanMi 4,NamKhone 2016,×,√,×,×
e0de518b-b069-4cf5-b762-2a1a4f3f4320,tout pi,Transformer Zawgyi,×,√,×,×
6244e48d-2e1a-4909-b8bf-6801d4602918,wolf,苍狼木刻碧波体,√,×,×,×
ac769e8e-837b-4d7d-8c57-1d3c1ce14917,X-手迹,X－花花手迹,√,√,×,×
c70e3372-0887-4e41-aa9b-2323e8e41ce9,X-手迹,X－欢乐手迹,√,√,×,×
1b2775bc-6d28-4f20-be9c-043e463a9ed1,X-手迹,X－俊杰手迹,√,√,×,×
4440b5bf-5e06-4e42-90af-b05a44c262c9,X-手迹,X－撸撸手迹,√,√,×,×
46de0b1c-f4eb-4501-a691-7295ea202a8c,X-手迹,X－妞妞手迹,√,√,×,×
86389947-4e68-4e6c-b940-a3e21feffc3e,X-手迹,X－奇奇手迹,√,√,×,×
5d12def6-0b3e-4032-a630-5207759e5de1,X-手迹,X－轻吻手迹,√,√,×,×
a7eff1ee-1f98-427d-b262-f173a698f35e,X-手迹,X－情感手迹,√,√,×,×
022b37e9-b492-421d-9623-ed4d450ab1ed,X-手迹,X－时光手迹,√,√,×,×
a233b47b-1722-49f0-a6f1-45238145c141,X-手迹,X－童谣手迹,√,√,×,×
94d01d96-f353-45c7-b838-abc3a96c3d3f,X-手迹,X－夕林手迹,√,√,×,×
61b71d6d-1fb0-45f8-bee1-1d25d8ff1805,X-手迹,X－小葱手迹,√,√,×,×
0607770f-27bd-4cf2-b44e-a5f562e4ddf7,X-手迹,X－一顾手迹,√,√,×,×
307dbdd9-c6d7-4bec-8eb0-eedff64d2157,X-手迹,X－应应手迹,√,√,×,×
796d9e18-5551-4bcd-a678-e86884324cfb,北京华康信息技术有限公司,华康POP1体W5,√,√,√,√
e0e43c1a-a40f-4efe-8f68-c5f8898ea38a,北京华康信息技术有限公司,华康POP2体W9,√,√,√,√
bedd5a1a-a075-4a20-93df-e70c13b4f009,北京华康信息技术有限公司,华康POP3体W12,√,√,√,√
f97137cd-b6c3-440b-9882-55aab1a34ce8,北京华康信息技术有限公司,华康宝风体W4繁体,√,√,×,×
1d6307e1-4650-4ad7-bc7c-ae2afe1f0a97,北京华康信息技术有限公司,华康标题宋W9,√,√,√,√
2d625872-9de8-4893-9972-d963e0b41ce6,北京华康信息技术有限公司,华康布丁体W12,√,√,√,√
0650b64d-b600-4889-a747-02e4efb455ad,北京华康信息技术有限公司,华康彩带体W7,√,√,√,√
5cbd78a3-2a99-4af0-8b60-6d5cc2b7fc4a,北京华康信息技术有限公司,华康方圆体W7,√,√,√,√
ea1dc100-5f77-4e05-9e02-aa57bf78902f,北京华康信息技术有限公司,华康方圆体W7繁体,√,√,×,×
4cff6d75-0991-4338-8abd-73baf68ca6b6,北京华康信息技术有限公司,华康钢笔体W2,√,√,√,√
89e51cac-854b-4f05-a0db-b562fdfbd891,北京华康信息技术有限公司,华康古籍黑檀W7,√,×,×,×
731ae737-77ec-4c83-a46e-e17a931ee4fa,北京华康信息技术有限公司,华康古籍糸柳W3,√,×,×,×
7b4e4029-c1a9-4e97-8c06-f0781d890c39,北京华康信息技术有限公司,华康古籍木兰W3,√,×,×,×
dd7f4dbf-f372-48dc-aeb0-4d054632f04d,北京华康信息技术有限公司,华康古籍银杏W3,√,×,×,×
d1fbd02e-2049-4dd3-a31e-c76619e2e95a,北京华康信息技术有限公司,华康古籍真竹W3,√,×,×,×
9207802d-6c8c-4c50-bd46-9b3f25d789cd,北京华康信息技术有限公司,华康海报体W12,√,√,√,√
0785a530-0951-4402-8e74-808f982fdf06,北京华康信息技术有限公司,华康黑体W3,√,√,√,√
577967fe-563d-44b0-961a-c25d4d1bb795,北京华康信息技术有限公司,华康黑体W5,√,√,√,√
fb64c730-fbd0-4179-8ffe-522de0a05003,北京华康信息技术有限公司,华康黑体W5繁体,√,√,×,×
b9e424cc-c71f-44be-848c-1401f2825981,北京华康信息技术有限公司,华康黑体W7,√,√,√,√
68a42091-276a-43a6-a67c-9b2281f0243c,北京华康信息技术有限公司,华康华综体W5,√,×,×,×
b39750b6-14f6-4b42-8e19-b7b3d1dee75e,北京华康信息技术有限公司,华康徽宗宫体W5繁体,√,√,×,×
36a88039-5b6d-43d2-a128-0caca5e3bbc9,北京华康信息技术有限公司,华康金文体W3,√,√,√,√
9809aa1c-359a-4f24-8d5e-51c950b499da,北京华康信息技术有限公司,华康楷书体W5繁体,√,√,×,×
e704a646-6a6d-4bc1-a358-c144ffb6a2de,北京华康信息技术有限公司,华康楷体W5,√,√,√,√
82542acc-4f6a-4f60-9f0b-e4941db60a56,北京华康信息技术有限公司,华康勘亭流W9,√,√,√,√
b6343545-c704-45af-8f3f-e8b1fe052e79,北京华康信息技术有限公司,华康俪金黑W8,√,√,√,√
f6437a38-d385-4405-9018-75d10bd3df14,北京华康信息技术有限公司,华康龙门石碑W9,√,√,√,√
b0cc137e-fbf8-433f-8548-8acfb9b81e94,北京华康信息技术有限公司,华康魔风体W4,√,×,×,×
356dea9f-352d-461f-8b8b-4ea37b15aa32,北京华康信息技术有限公司,华康魔风体W4繁体,√,√,×,×
7839e3b1-e901-4b65-b638-c7a9db3b5f9c,北京华康信息技术有限公司,华康墨滴体W2,√,×,×,×
888d9f0f-30c0-4b75-8c4b-5b81836a7874,北京华康信息技术有限公司,华康翩翩体W3,√,√,√,√
49f98752-85f4-423e-9290-05cab1e5c55d,北京华康信息技术有限公司,华康翩翩体W5,√,√,√,√
74bda0c5-06aa-4d49-825f-a4bef1e7884c,北京华康信息技术有限公司,华康翩翩体W5繁体,√,√,×,×
0d20a7d1-1e57-4f16-b669-672f68ba71ea,北京华康信息技术有限公司,华康少女文字W3,√,×,×,×
82ded327-5d37-4883-a8fd-0de9d8a9c7fd,北京华康信息技术有限公司,华康少女文字W5,√,√,√,√
11f6e8fe-948a-4b82-be6b-4e738d10c954,北京华康信息技术有限公司,华康少女文字W5繁体,√,√,×,×
5f45a258-71e2-402f-92a7-9bca26aa379f,北京华康信息技术有限公司,华康饰艺体W7,√,√,√,√
2f7fe6d5-ec31-45be-ba3f-53e8b31a2d13,北京华康信息技术有限公司,华康手札体W5,√,√,√,√
58287abe-50ab-43cc-8185-02e6fa1b6303,北京华康信息技术有限公司,华康手札体W5繁体,√,√,×,×
d98dfe1e-60c7-4dfd-a9b5-3ccdad209cf4,北京华康信息技术有限公司,华康手札体W7,√,√,√,√
452dc413-4a4d-41bb-91c0-918fb1b985d3,北京华康信息技术有限公司,华康瘦金体W3,√,√,√,√
4af586b3-223c-4591-a714-bfeaf88e7af3,北京华康信息技术有限公司,华康宋体W3,√,√,√,√
ca944dcb-ae05-4e43-8913-0846d387ae9f,北京华康信息技术有限公司,华康宋体W5,√,√,√,√
e2ca71cd-805e-4bcd-b093-09d64fc21fc3,北京华康信息技术有限公司,华康宋体W7,√,√,√,√
aa0f4a94-740f-4e94-ba82-4acc5de2acfd,北京华康信息技术有限公司,华康唐风隶W5,√,√,√,√
a6d404c8-be0c-44aa-b35a-e67932b463e3,北京华康信息技术有限公司,华康娃娃体W5,√,√,√,√
ee5263df-9bd3-4a20-b1af-5e514e1afc60,北京华康信息技术有限公司,华康娃娃体W5繁体,√,√,×,×
21d5bdf8-6c3e-4a4c-a14f-e71fe7d64dcb,北京华康信息技术有限公司,华康魏碑W7,√,√,√,√
94a2f745-ea95-49f0-8824-cb217e318e09,北京华康信息技术有限公司,华康心动体繁体,√,√,×,×
ba05420f-4b6b-46c2-87c5-1286ea6f2e5c,北京华康信息技术有限公司,华康新综艺体W7,√,√,√,√
02578555-410d-4d5a-a51b-76e817343538,北京华康信息技术有限公司,华康雅宋体W9,√,√,√,√
e70b3c2d-8f5a-43c1-a8f1-4315cba9f74a,北京华康信息技术有限公司,华康雅艺体W6,√,√,√,√
a26fd244-7514-4b30-87a3-c23ff9edde90,北京华康信息技术有限公司,华康圆体W3,√,√,√,√
3eb2d345-feb6-41ad-afe1-49bbb6db6cb0,北京华康信息技术有限公司,华康圆体W5,√,√,√,√
a9900764-40c6-4521-be9b-86ae43b0905b,北京华康信息技术有限公司,华康圆体W5繁体,√,√,×,×
0d989e45-c7f8-4bc9-a80e-76ec3d9de9b9,北京华康信息技术有限公司,华康圆体W7,√,√,√,√
b34c5142-8ccf-444f-bf17-e8f4dd1c35a6,北京华康信息技术有限公司,华康竹风体W4繁体,√,√,×,×
a77a015c-7fd5-4804-84b5-23b30f1caa96,伯乐字库,傲娇体,√,×,×,×
406bfc5c-4e41-44c7-8847-cd1452cca1ee,伯乐字库,伯乐板书体,√,√,×,×
f2d7c300-42fd-45d9-91ba-2df11b30c1e7,伯乐字库,伯乐暴躁体,√,√,√,×
fbf31e69-18f5-4b72-ae6f-089408affecc,伯乐字库,伯乐钢笔行书体,√,√,×,×
b26133cb-e805-47d8-af3f-d6215e18f6be,伯乐字库,伯乐老槐树,√,√,√,×
59dd82ae-9d24-4636-ac87-f97eaad8e54c,伯乐字库,伯乐毛毛虫体,√,√,×,×
a6543bb3-7b11-40b6-a1d1-5876410f0d12,伯乐字库,伯乐翩跹体,√,√,√,×
99d58a62-9aa6-4cee-8bc5-0cb649ff79b6,伯乐字库,伯乐童年体,√,√,×,×
bd98dff8-20e4-4890-968d-2b7d63075d8b,伯乐字库,伯乐夏日微风,√,√,√,×
9105268c-c537-4a59-8823-9b0f6f7fe0ef,伯乐字库,伯乐丫丫体,√,√,√,×
e45bc7f1-34f2-4c18-96bd-1d29a42bf8e3,伯乐字库,伯乐油画体,√,√,√,×
375cfea1-2769-4680-97ed-04813e0b6fa9,伯乐字库,伯乐竹笋体,√,√,√,×
ed78c2ef-fa95-4e3a-bab5-3de5d3de2df1,伯乐字库,伯乐自然萌,√,×,×,×
69e3933b-d7f1-4d19-bc0d-fd2ae4c82546,伯乐字库,陈继世笔墨体,√,√,√,×
9e484301-d519-4866-b2c5-43ba43941e8b,伯乐字库,陈继世古韵体,√,√,√,×
1c772a77-5499-4c70-b7e3-fe47b608f8bc,伯乐字库,陈继世怪怪体,√,√,√,×
45da6eb6-1e19-4202-9cce-e230df09de30,伯乐字库,陈继世硬笔行书体,√,√,√,×
4cf2f0c6-5ce2-439d-8f4f-24635b771ecf,伯乐字库,冬日小清新体,√,×,×,×
a78767e2-e663-4bc7-9c1e-aba03ac28aa3,伯乐字库,粉笔体,√,√,×,×
0e06fff0-477d-4472-9799-c10be5f4ef05,伯乐字库,风华绝代体,√,×,×,×
510bc0b1-0b47-48a5-bf51-c7d49efb75a2,伯乐字库,豪迈体,√,×,×,×
0af4ea26-d280-4ae3-8ac9-743570ededbc,伯乐字库,豪迈体简繁,√,×,×,×
885ed04e-f174-4fb0-86f1-02756aee07e3,伯乐字库,花香体,√,√,×,×
abfb8003-e65c-4efd-96b5-6f9d322bbeb5,伯乐字库,清风体,√,√,√,×
e8051dfa-f284-4fbf-88f0-302bae662158,伯乐字库,如果爱卡卡体,√,×,×,×
a0dc834f-a9d9-417f-974a-42efe1c670dd,伯乐字库,如花绽放硬笔体,√,×,×,×
37290c03-fb7f-4b0b-bde3-d46f3e13ece9,伯乐字库,软笔楷书体,√,√,√,×
80085bf8-de8f-435e-8e21-b70e594174f6,伯乐字库,山文丰手写体,√,√,√,×
e8d8c1af-af5d-440c-afd0-fa2fa7e0ea34,伯乐字库,小鸡贺新春体,√,×,×,×
dd996479-6536-4dd2-b783-2637dff7f84f,伯乐字库,信笔涂鸦体,√,×,×,×
17b84c16-0704-48e5-9d87-23979dfeb639,伯乐字库,学霸学渣体,√,×,×,×
b8e94c3e-c100-45f6-9b4a-5a2cb8516f52,伯乐字库,丫丫体加粗版,√,×,×,×
da379128-5cfa-4e07-9181-9ddbc39a36bf,伯乐字库,元宵猜灯谜,√,×,×,×
4fe78ccd-b333-4c58-a19f-26aa79b1748d,仓耳字库,仓耳曹哲斌行楷,√,√,×,×
cf3c6a45-7e7f-4ec9-937d-b2a02ab4a873,仓耳字库,仓耳曹哲斌楷书,√,√,×,×
62fe8311-7911-42c4-8c2e-1612194b58a0,仓耳字库,仓耳曹哲斌隶书,√,√,×,×
4ad9f311-e6a5-41b6-90ee-91cf6409a2f2,仓耳字库,仓耳今楷01W02,√,√,×,×
adc36a2d-fdd5-40a9-bb51-e4cb526bdf7d,仓耳字库,仓耳今楷01W03,√,√,×,×
d907ebea-9b18-46c6-abb2-e4faa4b95eca,仓耳字库,仓耳今楷01W04,√,√,×,×
e3f530b1-5b6e-4947-8e1c-23d194a4e259,仓耳字库,仓耳明楷W02,√,√,×,×
a2163098-3ddb-4eb3-aa0e-b89325cf5800,仓耳字库,仓耳明楷W03,√,√,×,×
beea973e-b5a6-4ad2-ab70-ed4a4b7527fb,仓耳字库,仓耳明楷W04,√,√,×,×
e0b1ad37-df5f-4a47-8d32-bd64419f658b,仓耳字库,仓耳圣诞欢歌体W02,√,√,×,×
fffc7d69-d0a4-43e9-9938-a733aaf4bd8c,仓耳字库,仓耳圣诞欢歌体W03,√,√,×,×
2d2eba79-6847-49a0-9767-bc2f3446aa89,仓耳字库,仓耳圣诞欢歌体W04,√,√,×,×
e904a7f0-e4f7-4895-87fb-55f865bc2824,仓耳字库,仓耳玄三01W02,√,√,×,×
0e9868b8-f282-4e72-9b68-13064b4255db,仓耳字库,仓耳玄三01W03,√,√,×,×
95b86f85-97a9-473a-9d15-7076e322592d,仓耳字库,仓耳玄三01W04,√,√,×,×
43f40929-a11b-488a-a194-e820ea366bfc,仓耳字库,仓耳玄三03W02,√,×,×,×
1488c4f3-dc5f-457e-8b7f-d604cb9069af,仓耳字库,仓耳玄三03W03,√,×,×,×
848b6a3c-db4b-4614-8467-e168ed3eb9e7,仓耳字库,仓耳玄三MW02,√,√,×,×
36a49c19-fbe3-4824-8f3a-003b66751f00,仓耳字库,仓耳玄三MW03,√,√,×,×
3ea51eaf-4265-42e8-94de-3bc53ae9b381,仓耳字库,仓耳玄三MW04,√,√,×,×
33234220-7e23-4c6c-ba2c-be6222205887,仓耳字库,仓耳云黑W03,√,√,×,×
0da81710-2d75-4793-8604-938cd69007cb,仓耳字库,仓耳云黑W04,√,√,×,×
47bd6085-df0c-4aea-9b04-7181f6dc9238,仓耳字库,仓耳云黑W05,√,√,×,×
fe30256b-3f0b-4027-94de-cbac511aff38,仓耳字库,呆牛手写体,√,√,×,×
e58e7814-3da2-4a74-b6b1-54e5d74c9285,仓耳字库,刀锋战士体,√,√,×,×
bcd86827-d03e-4175-870d-e50fad00d3d3,仓耳字库,神鸟新生创意体,√,√,×,×
e2c76088-fae7-437f-be5d-bda4a679f41c,仓耳字库,寻找魔仙手写体,√,√,×,×
68d291a3-381a-4521-a63d-c76344222ed0,陈代明,书香体,√,√,×,×
87b6a86d-2f07-4f91-bbd8-cde669852928,陈刚,陈刚硬笔楷体,√,√,×,×
2bc67a12-be40-4351-b776-58919084182d,段宁,可可唐朝体,√,√,×,×
a4c65f28-9cf5-4ac4-8f11-55afd5d53768,段宁,可可天书体,√,√,×,×
b3416800-f7b0-4a00-96a4-53316da3027d,方正字库,DUANG体,√,√,√,×
9d3f45cd-9088-4506-8402-15806f655ef4,方正字库,阿力楷书体,×,√,×,×
90c040d2-09db-4db2-9f67-660d9437d456,方正字库,艾玛棒棒体,√,×,×,×
406f3d91-2186-4939-a60e-ec3b28a0666e,方正字库,暗恋情书,√,×,×,×
adcb356c-d8b8-4456-870d-5ae5594b06ba,方正字库,奥环体,√,×,×,×
15d1a4f4-5871-4b93-96a9-0f4f14361152,方正字库,奥氏隶体,√,×,×,×
0f1233c5-fdfe-4d4a-83f6-44c9574bab3f,方正字库,霸道秦皇体,√,×,×,×
bbf3e2c8-3b68-4de6-a588-4bb45ff83613,方正字库,半岛未凉,√,×,×,×
54db38ca-db8e-49ae-acc5-6c2842970a0e,方正字库,棒棒糖,√,×,×,×
4b70cf03-08e0-4f2d-b63a-46438dcad222,方正字库,暴富体,√,×,×,×
da3f6d8b-2e46-45fc-94c5-49c4eecdc911,方正字库,爆米花体,√,×,×,×
c1779e70-86af-492b-847f-e07864786cb4,方正字库,北风钢笔楷书,√,√,√,×
f2cb9806-f098-4c19-978d-af87afb62bd3,方正字库,笨黑体,√,×,×,×
d08f26e2-0669-4057-8f11-d570e04b8e75,方正字库,笔芯体,√,×,×,×
1b84a25f-a717-4921-a3fc-28b2c0905275,方正字库,冰砚体,√,×,×,×
b2f637ca-e6e6-4825-a8cd-8abe38dc589d,方正字库,捕风体,√,×,×,×
3dcdda98-51b7-4089-9ed9-63f947210fea,方正字库,不二情书,√,×,×,×
29e4623d-c9b9-4630-b2a6-a0075cd02f1b,方正字库,不想长大体,√,×,×,×
c7f52e40-bbbb-4c36-b55f-65aa63b203a7,方正字库,布丁体,√,×,×,×
92f1a2af-954e-465e-b4c6-828989f99693,方正字库,晨风体,√,×,×,×
abcf8533-819a-4e3d-a9d3-051e65e2071d,方正字库,成功点划体,√,×,×,×
6696a13b-f497-4742-9141-e348cc26712d,方正字库,成功个人体,√,×,×,×
f1e4cb3d-9dbd-4571-8385-d781b3e85f18,方正字库,初见体,√,×,×,×
564c9b1c-651d-415b-afa9-ff06bb5a0978,方正字库,大智若愚体,√,×,×,×
977312f8-0fdd-4707-bce5-763dfd41aaf1,方正字库,呆毛兔体,√,×,×,×
cc4c0d11-bcb2-406c-af4c-455a1f00e597,方正字库,稻草人体,√,×,×,×
2eb95ce9-56a3-4ec4-9613-b88f36fa2371,方正字库,灯下漫笔体,√,×,×,×
f9f6d1ad-806b-40ac-9ce7-c5e728a96dcb,方正字库,第三人称,√,√,×,×
4c92d122-e31b-4e3b-a4f5-e417dae559c1,方正字库,冬草体,√,×,×,×
ca6556b0-c014-4be9-b7df-50d2bd5204b8,方正字库,杜康体,√,×,×,×
30b91dcd-9fe5-4de7-bf79-b002960c2765,方正字库,方正爱心吧噗,√,×,×,×
3d5cb9bd-b3f9-485a-93f5-0946fc6e0c3f,方正字库,方正巴拉拉体,√,×,×,×
e2a304da-de63-45cf-95f6-c4cdc966fcc9,方正字库,方正百乐硬笔,√,√,√,√
fe0b22b3-e46f-483a-afd0-80d23d697e82,方正字库,方正榜书行体,√,√,√,×
66b27d84-2b75-4b2e-b8e6-6e229c647a45,方正字库,方正北魏楷书体,√,√,√,√
c5250e76-4c81-44f1-9342-7d3760c383fc,方正字库,方正博雅宋体,√,√,√,√
5b5eb079-a0f2-442f-b3cf-8119f0d39f50,方正字库,方正彩云体,√,√,×,×
fd832026-932a-4ace-ab28-782a3d36913a,方正字库,方正藏意汉体,√,√,√,√
313107fb-096d-4476-a310-118ae69c548c,方正字库,方正曾正国行楷,√,√,√,√
05cedfd9-302a-41c9-8d68-d07dc7cdb086,方正字库,方正陈代明行楷,√,√,×,×
bcef5843-9ab0-48fb-8eba-bbd12bf03c3b,方正字库,方正粗活意体,√,√,√,√
4fe77e0d-9792-48ff-bfa2-843512b85846,方正字库,方正粗金陵体,√,√,×,×
d609cded-44cb-4612-8543-ff5c24cf9b39,方正字库,方正粗楷简体,√,√,×,×
20f2337f-dca6-456e-891a-a89ccf4004fe,方正字库,方正粗倩体,√,√,√,√
bf3d1bc2-ecdc-4ae3-a99e-3c596accb65e,方正字库,方正粗圆体,√,√,√,×
8efccac7-a094-49d6-9e8c-cafa7657010d,方正字库,方正大魏体,√,√,√,√
a72e32eb-192c-4710-b5c7-836e737466e1,方正字库,方正单身汪体,√,×,×,×
37866813-6f1b-4356-b9a6-d7db1f1b4b36,方正字库,方正典雅楷体,√,√,√,√
c083bc22-15a5-404d-b391-b681c068bdae,方正字库,方正杜慧田硬笔,√,×,×,×
d70434c3-2881-4ad8-9d31-4c07cfa21182,方正字库,方正度知度体,√,√,√,×
caf3c2e7-3aa8-44ef-9574-a92d292cf6c3,方正字库,方正二代妖精体,√,×,×,×
a6b08445-e82e-4968-b53a-c0e394ba1dce,方正字库,方正仿宋体,√,√,√,×
7e182fa5-83d2-47e7-8502-fe506a724022,方正字库,方正风雅宋体,√,×,×,×
1ae643ea-0da4-4963-8085-c0394695f783,方正字库,方正冯金城体,√,√,√,√
71e8611b-ee17-47b8-b2b4-da77db26c4e3,方正字库,方正佛君包装体,√,√,√,√
23fce44d-37d9-4e5c-ac2b-629d5ccb3635,方正字库,方正钢笔伟楷,√,√,√,×
2cfdfa79-b155-48fd-b589-4e50af3fc7d2,方正字库,方正告白情书,√,×,×,×
a4cc5077-1092-4c76-b4b8-d701b780d84b,方正字库,方正古仿体,√,×,×,×
fcb80aa7-1a4e-4b4b-84c2-d59f25b6409e,方正字库,方正古隶体,√,√,√,√
340aba87-f514-408d-b525-2457c9c84122,方正字库,方正管峻楷书,√,√,√,√
9efff190-2545-4ab3-a155-ca27465b41b8,方正字库,方正行黑放大体,√,√,√,×
2b5c1a76-78f7-454b-82e7-9e22585a0e26,方正字库,方正行黑体,√,√,√,√
e5552026-c9c2-479c-949d-240d7c8da583,方正字库,方正行楷体,√,√,√,√
d1c11b1f-f86c-429b-9fc6-8f4294ffcc23,方正字库,方正豪放行书,√,√,√,√
073affd8-5037-493a-a84a-5581c504a799,方正字库,方正黑体,√,√,√,√
eb5ecdbc-ca93-45c1-83e1-01314fb84de7,方正字库,方正洪俊硬笔,√,√,√,√
f7fb1ceb-4a69-4092-ada9-ec9ec0ac104c,方正字库,方正鸿飞汉魏体,√,√,√,×
40b969d0-81fd-4b2b-af1a-0f15c0f145d8,方正字库,方正琥珀体,√,√,√,√
87623072-e8c8-428b-b73e-d4094a03922c,方正字库,方正华隶体,√,√,√,√
caa8f6cd-426b-419c-aa5c-0cbd7acc8964,方正字库,方正黄草体,√,√,√,√
402d1cb4-30ac-4ad1-a644-d2ffc350de02,方正字库,方正寂地体,√,√,√,√
0328c1c8-9c2f-489c-8aea-7c94821b0620,方正字库,方正剪纸体,√,√,√,√
95d18ba3-2130-4f16-afac-6b2527e99cf2,方正字库,方正经黑手写体,√,√,√,√
fac10744-67bb-491b-b3da-a1d003898da8,方正字库,方正经黑体,√,√,√,×
18b45f2c-c503-435c-befb-dbb2ba0def49,方正字库,方正静蕾体,√,√,√,√
f6cc9bb2-6556-4ca9-89cc-19cd89968bfb,方正字库,方正静蕾体加粗,√,√,√,√
4736598f-ad95-4514-a463-dfd60da3aa0a,方正字库,方正俊黑体,√,√,√,×
07d39c26-77d8-4a84-950f-fc37bc6c6a8e,方正字库,方正卡通体,√,√,√,√
3c2aeca8-b99c-4a56-a545-839e5f4533e1,方正字库,方正楷体,√,√,√,√
3dac427d-547c-4209-a0b9-b1de55622986,方正字库,方正康体,√,√,√,√
ab6fbcd1-a249-482e-9f82-1ba2c0b6ee1b,方正字库,方正考神附体,√,√,×,×
64aaecb2-f9a3-42d5-94dd-61db0139529a,方正字库,方正刻本仿宋体,√,√,√,×
12ec3c7b-f61b-4f85-97d2-74e3847c4906,方正字库,方正兰亭黑体,√,√,√,√
7decffed-ee76-480d-a6f0-1060bdaf3c9f,方正字库,方正兰亭刊黑体,√,×,×,×
ac189ec8-2315-4b17-9ac4-21b993b8e9f7,方正字库,方正兰亭圆体,√,√,×,×
6c58f21e-bbf8-4c2a-9131-1a135548972f,方正字库,方正蓝瘦香菇体,√,×,×,×
87d4a96f-55ea-4446-baf8-b6e3852a4e0f,方正字库,方正老潘硬笔,√,√,√,×
542f477c-e680-4e48-a82d-5bed1e9c55da,方正字库,方正黎凡行书,√,√,√,×
2a6bcadc-aaf8-4a6d-909b-1476f5b17d71,方正字库,方正李太平根隶,√,√,√,√
af2f379a-1d72-4120-8907-5c7eb4fbc40b,方正字库,方正隶变体,√,√,√,×
bf33f7a9-e410-40aa-861a-f54e03325742,方正字库,方正隶二体,√,√,√,√
85147050-f80f-4eb2-82f8-32887113d9d4,方正字库,方正隶书体,√,√,√,×
000ad97f-9067-4098-ae7f-6ac61eff7270,方正字库,方正刘毅硬笔行书,√,×,×,×
1a094ec4-573e-4837-9551-09c9f1ff67b3,方正字库,方正刘毅硬笔楷书,√,×,×,×
76521f92-93f5-4777-8622-a7b86c740f3f,方正字库,方正流行体,√,√,√,√
a077de89-11bd-4a41-aa08-958aafe01d45,方正字库,方正龙爪体,√,√,×,×
1e5ae09c-ec64-4ef1-aee9-37228621ddd9,方正字库,方正鲁迅体,√,×,×,×
0bffcf8d-8b9f-4205-9771-3ed949920947,方正字库,方正吕建德行楷,√,√,√,√
ce3c2885-393c-4766-95dc-5dc38e83be32,方正字库,方正吕建德魏碑,√,√,√,√
fefa9025-2ca7-471e-a4e2-3de832cccbca,方正字库,方正美黑体,√,√,√,√
6da2558f-7273-43e0-8aca-9ad18fe839c8,方正字库,方正萌芽体,√,×,×,×
1760e6c4-57ee-4781-baf8-b13d63168728,方正字库,方正喵呜放大体,√,√,√,×
bef1664e-ba2f-497f-9c6c-dc3d406dc772,方正字库,方正喵呜体,√,√,×,×
1c865bf7-f0b8-480c-8392-d9e9614ae84a,方正字库,方正明尚体,√,√,√,×
469e101a-8de9-4036-ac68-bc969c282614,方正字库,方正牟氏瘦隶,√,√,√,×
32502ae3-d483-4513-a2d0-e08eab1f03dc,方正字库,方正呐喊体,√,√,√,√
d996b173-c39d-4925-b91e-4a5deb87aacf,方正字库,方正胖头鱼体,√,√,√,√
001ed7a8-5eac-4a25-9ca4-62c96712049c,方正字库,方正胖娃体,√,√,√,√
2d407ed7-7289-45eb-bc7f-91d2719c3873,方正字库,方正咆哮体,√,√,√,√
5f3a1b8f-a7cb-4e36-89fe-0fe465c8cab9,方正字库,方正佩安硬笔体,√,√,×,×
58d2ed09-5bc5-4a94-b700-ea124b7c904c,方正字库,方正拼音体,√,×,×,×
bdde9af2-59d2-4606-8949-407a8bf5019a,方正字库,方正品尚黑,√,√,√,√
6450a9dd-cc7f-45af-975e-27cc926d96a5,方正字库,方正品尚纤黑体,√,×,×,×
cd6bf3f3-55fc-4bac-a149-7507141fd84f,方正字库,方正平和体,×,√,√,×
e3d1cef9-c91d-459f-bd06-c70bc914ec6f,方正字库,方正平和体,√,√,×,×
7f0d9c31-023a-4e70-b2a2-b7ce3d845c19,方正字库,方正启笛小楷,√,√,√,√
6feb9eb5-7d48-4f24-b083-74f20a4c8f5e,方正字库,方正启体,√,√,√,√
ac71b843-87bf-4d7f-b8b4-2d7ef7c2fce0,方正字库,方正青春记忆体,√,×,×,×
c85b0b0f-e359-433c-bc00-465361c49a5a,方正字库,方正青铜体,√,√,√,√
e1f7b036-8db6-4770-af7d-2fed9912baed,方正字库,方正清刻本悦宋体,×,√,√,×
050dbe67-5959-42cd-a9eb-7709f1873027,方正字库,方正邱氏粗瘦金书体,√,√,√,√
88a7ecfb-4861-4ec7-a799-a56133df5039,方正字库,方正趣宋体,√,√,√,×
b895de46-2ea7-49a0-92d6-0baecebfbfea,方正字库,方正润扁宋简体,×,√,√,×
179586e7-90f2-4fb3-aeba-224bc25db39f,方正字库,方正莎儿硬笔繁体,√,√,√,×
a2167b64-f5e5-402a-8392-7fc44d41fdff,方正字库,方正莎儿硬笔体,√,√,√,×
4d3f85d3-b433-44b7-b9cf-098c534602c8,方正字库,方正尚酷体,√,√,√,×
3d00ca86-d7e2-4522-952b-bfe143702b97,方正字库,方正少儿体,√,√,√,√
86af14a2-3608-4acd-8b83-cf9542f866d4,方正字库,方正少女花园,√,×,×,×
154ee46a-72e9-4dbf-af53-7c1e55499601,方正字库,方正盛世楷书体,√,√,√,×
d5898d92-8a80-4762-8880-aa963d6ff022,方正字库,方正手绘体,√,√,×,×
37f8cfd0-6836-4b48-bee2-84758492d8fd,方正字库,方正瘦金书体,√,√,√,√
8b2551e5-a5b5-4091-ab48-1b6fd9ac6e0e,方正字库,方正瘦金书体加粗,√,√,√,√
a402daae-143d-4c86-b68f-037d115e4c4f,方正字库,方正书宋体,√,√,√,×
29e1f090-c849-46ea-8e48-3941daa358a8,方正字库,方正水黑体,√,√,×,×
3d243dd7-2f1d-4746-a49b-44e149a274c7,方正字库,方正水云体,√,√,√,×
5eb1f7fe-445d-4e51-a77a-338a79473052,方正字库,方正水柱体,√,√,√,√
9d2c2041-35ad-4f54-a320-1fa933017f03,方正字库,方正四海行书,√,√,√,√
4b7cff96-51bf-49df-8095-fe1d3290e86d,方正字库,方正四岁半体,√,√,√,×
e9856979-7a87-4236-9185-ddc31dda8afb,方正字库,方正宋黑体,√,√,√,×
dad91b4d-4474-4795-a9c4-e488d8f50ed9,方正字库,方正宋刻本秀楷体,√,√,√,×
2d5fbfce-9ec3-4283-b0fc-2a4017767b8a,方正字库,方正宋三体,√,√,√,×
5ef22da8-8f6d-4e86-99f4-4c4978f52169,方正字库,方正苏新诗柳楷体,√,√,√,√
cbb67a7e-3912-4f03-8c95-bc25a4be0451,方正字库,方正谭黑体,√,√,√,×
af5f1cac-e160-442d-a62a-9510e3a9461f,方正字库,方正淘乐繁体,√,√,√,×
34c47716-52fe-45c7-854b-847fe336eadc,方正字库,方正淘乐体,√,√,√,√
4e77d482-c5bc-404a-bafe-3dc80eb6ec5c,方正字库,方正特粗光辉体,√,√,×,×
a5139e25-ac7e-40d2-ae0c-98cae87be224,方正字库,方正田字格,√,×,×,×
1b2b2ce0-b683-4411-9a28-a8c6a239935c,方正字库,方正甜心体,√,√,×,×
0c56c1f1-5825-4ce0-973e-49d8f31c4463,方正字库,方正铁筋隶书体,√,√,√,√
559d81d6-fa6e-467f-bf9e-7c31174e60d9,方正字库,方正童体毛笔,√,√,√,√
25d931d4-667f-48f9-b725-181fe76a44aa,方正字库,方正童体硬笔体,√,√,√,√
e76809a1-94b8-419b-908d-763fd4f87dbf,方正字库,方正魏碑体,√,√,√,√
76b274ca-e406-446c-b563-dd37b44a619d,方正字库,方正细黑一,√,√,×,×
ac0ca27b-7e4f-4238-9ab4-97be4159ff30,方正字库,方正细珊瑚体,√,√,√,√
1309f672-6842-4a6d-8c04-4a65ed4a7982,方正字库,方正细圆体,√,√,√,√
029bb3bc-2a8f-4fa4-a2f1-ea4126d9b455,方正字库,方正显仁体,√,√,√,√
dccb401d-63cd-4a8f-91aa-ca645fa7ea32,方正字库,方正祥隶体,√,√,√,×
84140f68-6a0e-424b-b488-5e0dff1191a3,方正字库,方正潇洒隶书,√,√,√,√
32eb0808-b74f-4c2d-9d55-7577d1402152,方正字库,方正小标宋,√,×,×,×
43c9942e-7244-4e96-ac40-ac35fc0f1666,方正字库,方正小骥伏枥体,√,√,√,×
26757cbc-22bd-4326-b583-290db0793e79,方正字库,方正小篆体繁体,√,√,√,×
ad75e5e8-b717-4384-afa0-99dd28229fb4,方正字库,方正新楷体,√,√,×,×
7dd6c8df-7701-49ea-a918-aec815e3cd59,方正字库,方正新舒体,√,√,√,√
5243df14-4b67-40ea-91c2-e1a21c7262c7,方正字库,方正新天使之翼,√,×,×,×
d51b0a1a-1cfb-46f6-8425-bd9f5bec1aaf,方正字库,方正邢体草书繁,√,√,√,×
cc8febbf-71f7-478d-891f-18d710dbf8bc,方正字库,方正邢体草书体,√,√,√,√
9f1a19ec-b795-4200-9968-a4f7fbf7cf5a,方正字库,方正邢体隶二,√,√,√,√
c05e058a-c856-43e8-b68d-a85356fe43b0,方正字库,方正邢体隶一,√,√,√,√
e87d9a75-378d-43c7-9f2a-bfb3687d059d,方正字库,方正徐冰新英文书体,×,√,×,×
b02b61c4-ff25-4bee-baa3-c861daef100f,方正字库,方正悬针篆变体,√,√,√,√
910ad136-d454-4da4-b69f-9656385b82a0,方正字库,方正颜宋体,√,√,√,×
d376dfdd-bc5f-4119-9431-0842f407d4f4,方正字库,方正彦辰清酒,√,√,√,√
93a6eee9-a387-4795-8ef1-044bddb960e0,方正字库,方正姚体,√,√,√,×
af7ac489-e9f9-46a5-b534-89f073c921c8,方正字库,方正叶根友特楷,√,√,√,√
68cfee45-ca48-44be-9a83-ca5a283143af,方正字库,方正一点点,√,×,×,×
857728e6-9b13-4702-81ba-7e1a24ae9e22,方正字库,方正艺黑体,√,√,√,√
fb4e5e35-abc9-419a-ae09-4386f292d1da,方正字库,方正硬笔行书体,√,√,√,√
564b90ad-9d59-484a-b26b-09c854a4e8c9,方正字库,方正硬笔楷书体,√,√,√,√
9dc9e87b-de50-4bfd-a21e-e882a43db2c5,方正字库,方正悠黑体,√,√,√,×
7906a9d0-75a3-484f-84f7-00158ae91336,方正字库,方正有猫在,√,√,×,×
b9e752e0-5a0c-4d02-9982-b2a88f795720,方正字库,方正幼线体,√,√,×,×
018cb38b-0846-4c8a-92b5-6477cb54c038,方正字库,方正羽怒体,√,√,×,×
2881a9c9-805c-45a8-a56b-21c41f9f5ec8,方正字库,方正雨木圆圆体,√,√,×,×
9c1918af-9a85-413c-83be-79b2640afa7b,方正字库,方正元童楷隶,√,√,√,√
1367d9e6-c27b-4cfa-945f-87da1a936c06,方正字库,方正毡笔黑体,√,√,√,√
dec7991e-a317-40f4-8fce-91423af26b37,方正字库,方正张皓宸体,√,×,×,×
49715419-7fab-48fb-b4d2-97c73a82b51c,方正字库,方正张颢硬笔,√,√,√,√
8a148851-6908-4c7f-baec-519819ebe072,方正字库,方正张亮硬笔行书,√,√,√,×
86d377d7-85c2-4cfc-b884-fea50c37848d,方正字库,方正张乃仁行楷,√,×,×,×
e6f385ea-faf4-49de-99f5-c63579de0446,方正字库,方正张士超魏碑,√,√,√,√
3d54f4b9-cc9d-4ebe-b983-8c08285ad20e,方正字库,方正章草体,√,√,√,×
f4e92525-0a4b-468f-83b4-18e8522173a7,方正字库,方正长江行书体,√,×,×,×
ba48be7e-183b-4154-adb6-89d7cbefd4b1,方正字库,方正正黑体,√,√,√,×
b0d4ca1c-91b9-4320-8943-e931198aa490,方正字库,方正志勇魏碑,√,√,√,×
5645a45b-162d-45c1-b09e-44ee263cdce3,方正字库,方正稚艺体,√,√,√,√
977e8e73-10b8-4684-893b-7cf2d87a69d4,方正字库,方正中等线体,√,√,√,√
165055fb-508a-49b8-b074-02259dec513b,方正字库,方正周崇谦小篆,√,√,√,×
fd4e9ff9-7a72-44db-b52c-1b0c810647af,方正字库,方正朱涛钢笔行书,√,√,×,×
3a4d51c5-5ca8-4fe7-82a8-a2584d48adb3,方正字库,方正准圆体,√,√,√,√
7bf83797-e927-4fb2-8fd0-4f296cabf888,方正字库,方正子实行楷,√,√,×,×
d31f85a9-3282-4386-a8d9-91f810cfabaf,方正字库,方正综艺体,√,√,√,√
98168fab-062b-493e-a517-4bd0095d61d3,方正字库,非人哉体,√,×,×,×
fdb10c21-c00b-4f8d-b90a-d6904e526842,方正字库,粉色小懒蝶,√,√,×,×
f3e8a84a-bf7a-41dd-aa9b-08c32d2e59b5,方正字库,风流体,√,×,×,×
75a41af0-4f77-4dc0-b2e8-d45fbc4199d7,方正字库,复古绅士体,√,√,×,×
c4d54171-2a3f-4a4f-8f03-0dbc704f80b3,方正字库,恭喜发财体,√,√,×,×
bc107460-5797-489e-aff4-1fe0d6ecb3b8,方正字库,翰墨文体,√,×,×,×
a38135bf-6b75-463b-bd9e-28fde1268583,方正字库,豪门老公体,√,×,×,×
0d24c83a-eebd-4ba8-9528-bee1a8c95b69,方正字库,好运来体,√,×,×,×
9bfbf9f3-7e00-4095-8ffd-0372af008148,方正字库,和风暖暖体,√,×,×,×
696ff95d-b572-4c90-b8bd-724252c46956,方正字库,红枣蜜恋,√,×,×,×
56643477-d03e-4c77-bcf3-b60c0672ac28,方正字库,洪体,√,×,×,×
b675522d-f085-4bb2-a52b-dae084c3c8e9,方正字库,花式虐狗体,√,×,×,×
9def6aa1-f473-41e5-9164-3ccf612547e7,方正字库,欢乐颂,√,×,×,×
cc465cc4-18fd-4e99-aa7c-473186649d9f,方正字库,欢乐颂狂欢体,√,×,×,×
472a92ee-b80e-4a25-89dc-8ae16617db17,方正字库,回忆沙漏,√,√,×,×
322df8db-5e91-432a-af69-4b58a3094e39,方正字库,即墨体,√,√,√,×
517768d2-2ec6-4804-8b9d-84886ac8a61d,方正字库,疾风体,√,×,×,×
afb6a888-9c5b-43f1-883b-824f37e494d9,方正字库,蒹葭苍苍体,√,×,×,×
a16a5d6e-b72b-4cbe-ab84-2d5893de8a76,方正字库,建安体,√,×,×,×
263c6108-8dfb-4b3d-bcfe-388745463dc6,方正字库,贱萌体,√,√,√,×
ada506c8-0461-485d-829c-de47401b80aa,方正字库,僵尸小可爱,√,√,×,×
657be92a-b93d-43c7-ae07-142b86b51abb,方正字库,金玉体,√,×,×,×
a52065bc-a4b5-49df-ba67-189aad502e69,方正字库,晋轩体,√,×,×,×
ca228cc2-e2b9-4e72-ba2b-3e4cde88f089,方正字库,鲸鱼岛,√,×,×,×
203b1d77-bbf1-4e69-b835-3ed63ea12553,方正字库,开朗体,√,×,×,×
7cbd6e95-0e1d-4505-aef3-2f79eed1c5ff,方正字库,开心笑笑君,√,×,×,×
c249a1d0-9558-4220-b515-768d4d88bc22,方正字库,狂歌行书,√,×,×,×
62878ab1-6170-4f47-857e-edf446ccba1f,方正字库,丽姬麻麻体,√,×,×,×
b5638b64-cb89-49da-b070-5d4ab0a68867,方正字库,丽笺体,√,×,×,×
7d29284f-509f-4a57-bb57-2c815bde0963,方正字库,林魂体,√,×,×,×
a3ec30a3-9eea-44e8-84f0-5f66cd925814,方正字库,灵犀体,√,×,×,×
09717b96-7373-4fda-ade6-77306ebda4b2,方正字库,刘洋手写体,√,×,×,×
1f4c8768-48fd-4e4c-8086-9d728118cc21,方正字库,流年体,√,×,×,×
d7cbc6e8-4556-419b-b0c4-a821b2411547,方正字库,流星花园体,√,×,×,×
231d22d4-ac60-4542-8464-5b2c3b2d0791,方正字库,龙龙秀楷体,√,√,×,×
4ea369f6-05ef-4f72-b57d-336e93d33b6d,方正字库,龙顺体,√,×,×,×
66b80d5f-b806-4f88-8b88-8b44a16b4921,方正字库,卢炳益行书体,√,×,×,×
99b4c909-cf96-4dd4-8ac3-ec7f4609c7d7,方正字库,马克书写,√,×,×,×
90aae7f0-f300-474e-ac41-adec76c38331,方正字库,么哒体,√,×,×,×
21466e9f-e51e-4b2f-b7e4-a040fa90828b,方正字库,美猴王体,√,×,×,×
d48bca87-7d76-4b23-a0c1-88161c5e5a0b,方正字库,美卡记事本,√,×,×,×
538388f1-e52a-4caf-933a-5751c3b7f155,方正字库,美玉体,√,√,×,×
178a7b39-457b-437c-8792-52f91ca2c560,方正字库,梦想加速,√,×,×,×
bfdb3220-725e-4563-9230-5f686c1a81ad,方正字库,咪咪体,√,√,×,×
c7044074-dc08-447f-b641-bb562ed735d7,方正字库,迷妹体,√,×,×,×
29157236-1c97-451d-a8da-99cea822e2ba,方正字库,米粉草木枝蔓体,√,√,×,×
3df630c7-532a-48b0-896d-816234d8acb6,方正字库,米粉大脸潘达体,√,√,×,×
1c153187-8349-43f9-8be8-8aaef55c8800,方正字库,米粉凡尘流星体,√,√,×,×
3a4aaf37-994c-4193-a7bd-daa213e14dcd,方正字库,米粉夫人最美行楷,√,√,×,×
70c709ad-4af6-43b2-bb57-7cbd3c5b7980,方正字库,米粉桂阙华章,√,√,×,×
1346e45d-15c8-4abf-b6b9-7dd5231164d2,方正字库,米粉蛤蜊蛤蜊体,√,√,×,×
90e02855-0cf5-4527-a107-05939ffcf9bc,方正字库,米粉华丽妮妮体,√,√,×,×
5906bf75-9013-4f3f-9438-e71f961a5581,方正字库,米粉芒果大丸子体,√,√,×,×
f7fbf262-afbc-4c71-a106-db0590b041a7,方正字库,米粉苏文硬杠手写体,√,√,×,×
c4074cf5-e4ef-4678-ab45-0267e8038619,方正字库,米粉外星宝宝,√,√,×,×
ac0a3522-1f2b-44f9-a8f8-fab5b6c74588,方正字库,米粉小气球萌萌体,√,√,×,×
d580b162-6934-4fdb-afb8-41c51fdc914c,方正字库,米粉小西柚体,√,√,×,×
32bfe249-8bd6-4eed-9bc5-fd6b798f20e5,方正字库,米粉小医僧体,√,√,×,×
b2edff6a-7b62-4c0a-833f-fa06cb641186,方正字库,米粉长安手写体,√,√,×,×
a0e5b2ea-17a2-4d2a-9003-d2aeed28d04a,方正字库,米粉朕知道了,√,√,×,×
8bd82144-f8a2-48e3-a065-39c2f12cedee,方正字库,喵体,√,√,×,×
d8b7555b-c268-485a-892b-316b5f1f7a22,方正字库,模范情书,√,×,×,×
0fb17438-7ba7-4cef-9e4b-121f927850cc,方正字库,墨八岁体,√,√,×,×
e8ddfa48-e690-4b17-a1d5-869e405b4d06,方正字库,南门体,√,×,×,×
45907ff1-0348-446a-9ad3-82a25eff35d0,方正字库,妞妞端午体,√,√,×,×
d7c11ef3-392c-4a0a-bcdb-def653feef5e,方正字库,女侠饶命体,√,×,×,×
8b725198-02df-453c-98eb-4209c5a60dd5,方正字库,品茶体,√,×,×,×
2089645c-4a9a-431b-832e-b3cd7f76f143,方正字库,泼墨体,√,×,×,×
470be436-8ef9-4623-8ab5-11870f7e5c31,方正字库,钱氏字体,√,√,×,×
2b2e7529-b0cd-4f85-8be3-19f03ab8199f,方正字库,秦鹏体,×,√,×,×
46280136-2913-426c-b19c-57c3e0803082,方正字库,秦时绝恋体,√,×,×,×
03699f5f-8dbd-4e54-bdf4-e621bfe8fbca,方正字库,秦时丽人明月心体,√,×,×,×
9565b0f1-0631-456e-830c-9af7f09d3545,方正字库,求福楷体,√,√,×,×
923db1f0-4ea3-45b3-aa71-f83b70a1107d,方正字库,求魏体,√,×,×,×
9c15dfc3-3db2-499d-9e22-490c49b61b59,方正字库,曲妖精,√,×,×,×
dce1af81-2e29-4cf6-8633-7730915e19d8,方正字库,趣玩体,√,×,×,×
413a80bc-7925-45ec-8b3c-3110dabf3aad,方正字库,全球少女萌主,√,√,×,×
4a5bc197-0dff-43f4-b324-a621c375f104,方正字库,雀神附体,√,√,×,×
6b6ce29a-31f5-4208-9cb7-e116ccca0836,方正字库,儒兰体,√,×,×,×
aa3135ba-90bc-4fc2-809b-db0cb3fb11de,方正字库,十全十美体,√,×,×,×
f115252a-1bf0-4764-b56d-cfe965ef47ec,方正字库,时光匆匆体,√,×,×,×
6698d8ba-9457-49de-ba8f-66533208af3c,方正字库,世界那么大,√,√,×,×
488f9443-b5c1-4415-88b2-6d8ccd99fd8b,方正字库,瘦身日记体,√,×,×,×
eb3743d7-d133-4b9d-8888-747614586995,方正字库,睡神附体,√,√,×,×
82a64877-3c6d-4a10-b438-31c1c1f9759f,方正字库,四海行书,√,×,×,×
4d77358d-a0f5-4979-a16e-588413c5c48f,方正字库,四海情书,√,√,×,×
75952199-8776-4896-9b02-dfb12212085a,方正字库,索绰罗氏体,√,×,×,×
69bade75-d768-4c61-b974-0eeb8fc7d776,方正字库,天啦噜体,√,×,×,×
d4d6f9d6-a3ff-45ef-899b-c7d1d2d06e05,方正字库,天使之翼体,√,×,×,×
25d4f7db-54bf-432b-aa87-f67502a4c91d,方正字库,甜心体加粗,√,×,×,×
05d75257-8895-44de-a5a4-bf5d15c618f1,方正字库,童趣体,√,√,×,×
27cfd530-3ab6-4319-a3a1-126cc2a73b85,方正字库,荼蘼花开,√,×,×,×
23172b9c-f802-48ef-b66b-43a15f08cb60,方正字库,兔耳朵体,√,×,×,×
9324fe7f-7a86-40fa-a0c2-07a328b19e9b,方正字库,玩偶体,√,×,×,×
c9e214df-8f46-4b13-98ea-ddb9998090e1,方正字库,文萌体,√,×,×,×
db2a6584-12f0-42f8-9763-c3737f432013,方正字库,无忧体,√,×,×,×
2b80f75c-c222-4bef-a78e-3b01081d8e8d,方正字库,喜大普奔,√,×,×,×
74d0592d-1db3-4804-ba52-df9da0cfe387,方正字库,喜满体,√,√,√,×
4e8f5bc5-be52-49c6-95a3-5ee04b6a917e,方正字库,夏白手写体,√,×,×,×
03b649f5-57e6-4159-a25e-c3acd5aeb639,方正字库,夏日微风体,√,×,×,×
2522d374-789a-4c05-9c35-65d3e345562f,方正字库,闲谈体,√,×,×,×
27f2f408-f620-43ae-9f1a-115f3608d96b,方正字库,闲云体,√,×,×,×
f5620911-8fe7-49ba-a395-73946f06bd42,方正字库,小骨体,√,×,×,×
afc405b5-9165-460c-ad31-d703daf9da26,方正字库,小蓝酱体,√,×,×,×
a4e03d9e-4f9b-4d85-9369-aa3a17503ada,方正字库,小龙楷体,√,√,×,×
eb022c77-99f8-4715-929a-a92190076b99,方正字库,小龙体,√,√,√,×
36deadbb-e2e0-4dad-bb55-6158bd9a3276,方正字库,小美体,√,√,√,×
a42353ff-5aba-4b9d-b7a4-68d3765c30e9,方正字库,小美体加粗,√,×,×,×
e9efe158-52a7-4ec8-81ac-6f3e49e2a8dd,方正字库,小正古体,√,×,×,×
b738b88d-2c12-43e0-b9e6-ac0cc3442d07,方正字库,心情日记,√,×,×,×
92bf4e13-8241-4086-9f95-7089973e56a6,方正字库,新春体,√,√,×,×
b8a80b05-cbc8-4c8f-a759-a62141e77378,方正字库,炫武体,√,√,√,×
18ca48df-9f15-4aeb-8022-6bc0214f1c6e,方正字库,学霸体,√,×,×,×
14a77661-c9c2-4161-83d4-651d0e38b3ea,方正字库,闫楷体,√,×,×,×
0d171dcf-a6c7-4bdd-ace6-cb816aa2c504,方正字库,以沫体,√,×,×,×
e5849e09-cae0-43cc-9410-6eea6104a05d,方正字库,逸翰楷体,√,×,×,×
6055678d-9e74-4c8c-8ed9-d813ed2a5d3a,方正字库,音乐体,√,×,×,×
561e84fa-a83c-4e9f-9bfc-12ee3e7c93bc,方正字库,英娜体,√,√,√,×
c8be7736-72da-422c-9633-ec7543e538b9,方正字库,游楷体,√,×,×,×
96ff33a5-5c27-4c18-8503-d5340c88e64b,方正字库,鱼丸粗面体,√,×,×,×
e9f0b983-e68c-40d6-b893-2865a77fb8f1,方正字库,遇见体,√,×,×,×
997ec07a-9adf-4a27-b437-1f56f3d3da67,方正字库,袁则楷体,√,×,×,×
5af7c0c5-53e1-483c-9608-b8ca1a424166,方正字库,圆小滚,√,×,×,×
67bf46e5-5231-458f-ac99-bfad13cc6f40,方正字库,远方体,√,×,×,×
6f531ff2-8b03-446a-9179-8b0febd86fd2,方正字库,月牙弯弯体,√,×,×,×
3007e275-5eae-4e60-bc42-0080def002c2,方正字库,悦读体,√,√,×,×
772529c2-8fc4-4f20-8d97-eab09baa855d,方正字库,允儿体,√,×,×,×
c3f70361-f022-4250-84c1-68c02c316f34,方正字库,早秋体,√,×,×,×
04d1de6a-c5b7-46ab-bee5-6216bf126443,方正字库,宅久天然呆,√,√,×,×
3655072b-757d-4d42-9229-cd16cc5d3062,方正字库,正阳体,√,√,×,×
fc61eecb-78cc-42ce-ad28-16feee351ee7,方正字库,制霸青春,√,×,×,×
427e1c5d-28ac-470e-805e-d5e40b929e2e,方正字库,周礼楷书,√,×,×,×
06925394-f76f-413c-9cad-c37de24336e7,方正字库,状元体,√,×,×,×
de7ff707-b5ff-440d-94b0-90727d10d238,方正字库,自由体,×,√,×,×
489234f5-4ae6-482a-b229-7c23632b076c,方正字库,最右体,√,×,×,×
fa2f14a6-2587-4caf-a0f2-e875358cab26,方正字体,凌氏随手体,√,√,×,×
d9196e28-6a94-40f9-9f9c-5adb34ec98df,方正字体,民间体,√,√,×,×
677ce7b4-c142-425c-a051-f875efe16bc8,方正字体,指尖隶书体,√,√,×,×
fa712eea-1697-4087-8eae-7af6d2c4a3cd,汉仪字库,半情歌,√,√,×,×
6d0fdbcc-a4c7-4154-8374-60c19cab0b80,汉仪字库,毕业告白,√,√,×,×
2cd813b3-144d-43a7-979b-763a30dcec45,汉仪字库,闭月貂蝉体,√,√,×,×
5408b17f-5bc1-489d-9ca9-c67585ff3108,汉仪字库,才女蔡文姬体,√,√,×,×
751b4477-57ba-4343-ad05-67cf7fc511d3,汉仪字库,残红有情体,√,√,×,×
06bd04e5-f3c8-42e2-b4fb-cc0beed7d0a1,汉仪字库,超凡联盟,√,×,×,×
3e993aa0-e650-40a0-adb3-1b022f36dcce,汉仪字库,初恋微酸体,√,√,×,×
ae1fb13f-ee0f-45ad-b9be-72b1aa093c6e,汉仪字库,单身宣言,√,√,×,×
8614edb6-49be-48bc-9c61-4ca90236dd46,汉仪字库,逗你小表情,√,√,×,×
20f4446e-4115-4f25-bbb1-ef75ec7bfccc,汉仪字库,二次元达人,√,√,×,×
567f7d3d-afa3-46b4-a60e-b739f6b4f1bf,汉仪字库,二郎神杨戬体,√,√,×,×
81943fba-7391-421a-a683-11a9956a5b6c,汉仪字库,繁花纷飞,√,√,×,×
382aad0f-53e4-439a-99b7-876560587879,汉仪字库,放肆骄傲,√,√,×,×
b33d6d86-1183-470f-986c-45d2bf3f2399,汉仪字库,逢考必过体,√,√,×,×
54fc780b-05ae-401b-981d-238090db025f,汉仪字库,复古文言体,√,√,×,×
0a07126a-7211-4e51-8d5f-4f6a6e3a0d1e,汉仪字库,古风意楷,√,√,×,×
21a43700-f62d-44d9-bb0b-dc21f9f9afcb,汉仪字库,郭敬明小时代特别版,√,√,√,×
f543cdeb-58b6-45c4-9f61-18eb15b51a05,汉仪字库,汉仪PP体,√,√,√,√
8006d7cb-9592-4657-abb4-c74a360c0438,汉仪字库,汉仪Q豆体简,√,√,×,×
faa39bf1-7a80-4fa7-9071-0440e7d55947,汉仪字库,汉仪柏青体,√,√,×,×
30fbcb18-8548-4192-b5f5-c9d273d4bc0d,汉仪字库,汉仪报宋,√,√,×,×
61db1971-42fb-4e0f-aaa7-8e2b19930e71,汉仪字库,汉仪暴走体简,√,√,×,×
26590ddd-75b1-4f58-a524-718e15c0ae83,汉仪字库,汉仪奔跑体,√,√,×,×
25e75b40-2113-40f6-860c-c286c2b62de5,汉仪字库,汉仪变形金刚体,√,√,×,×
ffd872fc-8579-40fd-a0d6-9b4ca9cec5bf,汉仪字库,汉仪不大不小拼音体,√,√,×,×
87df2890-7596-48a1-a670-7f2e4c3fd681,汉仪字库,汉仪彩蝶体,√,√,×,×
46f4d605-2f45-4876-850e-f69475002d7c,汉仪字库,汉仪彩云体,√,√,×,×
312515c2-1dd4-42e0-92e3-17cef42e2a66,汉仪字库,汉仪晨妹子,√,√,√,√
0846604e-570f-4c4e-af3f-92b4da75a861,汉仪字库,汉仪初吻体,√,√,×,×
c720a79a-114a-4c2a-b6d3-30a310c71492,汉仪字库,汉仪楚乔传体,√,√,×,×
50817cc3-da07-4f33-a319-8fcd437b7f13,汉仪字库,汉仪粗仿宋,√,√,×,×
ab22c9dd-20d4-4621-911f-eec2805e1fd2,汉仪字库,汉仪大圣体,√,×,×,×
f29483c7-34d6-4dbc-982d-e1d12fa6a77c,汉仪字库,汉仪单身汪简体,√,×,×,×
e1a29e6e-7162-4c63-9207-939d0ebf08e7,汉仪字库,汉仪倒歪体,√,√,×,×
bb77a939-9bf4-405c-b0ca-c5f4993daa4e,汉仪字库,汉仪典雅体,√,√,√,×
4543d465-8bf6-41f3-8c7c-41a18fca2e87,汉仪字库,汉仪蝶语体,√,√,√,×
43896bb4-67d3-4387-b3dd-323028f3e6c3,汉仪字库,汉仪蝶语体简,×,√,√,×
97788a8b-73c1-4e61-ae5e-51609cadd508,汉仪字库,汉仪豆豆体,√,√,×,×
2a7e4d1e-4752-499e-b165-bc7dd0e865af,汉仪字库,汉仪佛系少女体,√,√,×,×
bd6c3fcd-231c-41f1-8129-4839f936b8cf,汉仪字库,汉仪橄榄体,√,×,×,×
366585bb-b00f-469b-b2f1-f68134a2e325,汉仪字库,汉仪光棍要火体,√,×,×,×
c602ac0a-b242-4388-96b5-5abc1e65cb67,汉仪字库,汉仪郭敬明体,√,√,×,×
e60297bc-d165-46ff-af7b-b38bd1204651,汉仪字库,汉仪国强行书,√,√,×,×
6c56ffb2-82fb-4656-b360-dc378b27dc13,汉仪字库,汉仪哈哈体,√,√,×,×
d75aa100-7e49-4b8b-8265-e606887369a2,汉仪字库,汉仪哈哈体,√,√,√,×
e02139cb-05dc-44d0-b8c4-54a88cbb0080,汉仪字库,汉仪海韵体,√,√,×,×
a2b0af5c-5f6d-4f66-83a7-3a2a4788999a,汉仪字库,汉仪寒石粗体,√,√,√,×
3a7992b0-c407-484e-9095-87ca248897ec,汉仪字库,汉仪行者笔记简,√,√,√,×
31edaa17-aa97-4509-8ef1-52de75327851,汉仪字库,汉仪合龙行书,√,√,×,×
56c5276a-483b-4347-b635-31e120146eb3,汉仪字库,汉仪黑界体,√,×,×,×
97ce8595-3db0-4bae-ae4e-18b7aa6c3680,汉仪字库,汉仪黑荔枝体,√,√,√,×
61ce0fa9-78f0-4e49-a1e2-bc46c147fe0a,汉仪字库,汉仪猴嗨森简,×,√,√,×
92e37c7c-9fa7-42ad-93b4-0caece258a7a,汉仪字库,汉仪火柴体,√,√,√,×
3bead1be-03c4-4501-ab08-93146b384c3e,汉仪字库,汉仪家书体,√,√,√,×
dc6e1eca-ca02-4fd3-a4a3-16ee542ad160,汉仪字库,汉仪家书体加粗,√,×,×,×
6de0b232-679d-4ab3-b77c-efad58da75ba,汉仪字库,汉仪井柏然体简,√,√,√,×
635c5087-450e-413b-93b7-0144d1f6073b,汉仪字库,汉仪爵迹体,√,√,×,×
696559d0-a120-4a79-9a7d-6b51749918df,汉仪字库,汉仪乐喵体,√,√,√,√
afcac28b-f7eb-4f34-a542-85ad55197abe,汉仪字库,汉仪李政恩小楷简繁,√,√,×,×
a2e2e1d9-cbc5-43eb-9847-8256d6f6dfa2,汉仪字库,汉仪良品线粗,√,√,√,×
43161ed7-e91a-4de6-a3fb-cd6fc9c79d6e,汉仪字库,汉仪良品线粗体,×,√,√,×
86ca593a-48ce-4d5f-83d8-cfa509393feb,汉仪字库,汉仪凌波体简,×,√,√,×
f83ff6be-9add-45d6-9554-9f8e62480086,汉仪字库,汉仪菱心体,√,√,×,×
0279033d-59b1-4d40-b86f-5a03fe9af44d,汉仪字库,汉仪萝卜体,√,√,√,√
c78ddfad-ea7c-48cf-a8bb-5099406e8049,汉仪字库,汉仪洛天依体,√,√,×,×
a59e2855-ff58-4ee4-84db-d0704f1f8a32,汉仪字库,汉仪漫步体,√,√,√,×
3ada511e-8cd1-433c-bdd2-eb4570e01f9e,汉仪字库,汉仪猫小奴体,√,√,×,×
c5e8443b-5113-4c84-bf54-1ff934376cfb,汉仪字库,汉仪槑萌体,√,√,√,×
d9d714df-9813-4b77-a200-488f299f4e69,汉仪字库,汉仪美人鱼体,√,√,×,×
1e842746-61d7-403e-a8a8-193ad5f4af93,汉仪字库,汉仪孟瑞体,√,√,×,×
a14f70a9-0a4f-4c73-afe6-9967e800b118,汉仪字库,汉仪蜜汁菠萝体,√,√,×,×
70f0698d-6ad4-491e-91d7-62b889d421f5,汉仪字库,汉仪喵魂体,√,×,×,×
0bac6380-74f6-49e3-ab2d-d3761bfae07a,汉仪字库,汉仪喵小姐简,√,√,√,√
0d840c15-3715-46b8-bc55-055552946b03,汉仪字库,汉仪明哲手书,√,√,×,×
1de60acd-6b8b-4873-9812-7000beea378c,汉仪字库,汉仪南宫体简,√,√,√,×
d2a8ef98-e6d4-4eda-8ea4-c572d256467a,汉仪字库,汉仪农夫果园体,√,√,√,×
b1889298-bd66-4eed-9afc-08eea64858a3,汉仪字库,汉仪拼音体,√,√,×,×
3c4f725a-ada8-4e12-8bfe-980a2e95b412,汉仪字库,汉仪平安行,√,√,×,×
90ad7b0b-a71d-403b-9c07-79f0130fa163,汉仪字库,汉仪旗黑45,√,√,√,×
10cfe615-5156-4d9e-8207-b7f177da3d6a,汉仪字库,汉仪旗黑50（舒适阅读版）,×,√,√,×
490038c3-547b-4c26-bc22-d65b029751ca,汉仪字库,汉仪芊芊体,√,√,√,×
4d9bb480-a84d-443c-ab4b-795d55220b48,汉仪字库,汉仪前世骏楷体,√,√,×,×
217f9cb5-2b75-47a3-b285-726310a31ab5,汉仪字库,汉仪青柠体,√,√,×,×
505c081c-0887-4a86-b1e2-00b2eb959274,汉仪字库,汉仪青云体简繁,√,√,×,×
366a1d87-d2fe-430f-8cc5-ea929809bb66,汉仪字库,汉仪清风行楷,√,√,×,×
e567a4b9-8921-4761-b7ec-f5339e569ebc,汉仪字库,汉仪清雅体简,√,√,×,×
e865eb28-8646-42b2-849b-cb92d01ef1f0,汉仪字库,汉仪晴空体,√,√,√,√
182fb7c9-fde3-4045-8868-084917e2420b,汉仪字库,汉仪全唐诗简,√,√,×,×
28b217e2-0d48-42e5-ab3f-b96353050514,汉仪字库,汉仪全职叶修体,√,√,×,×
0eeae1de-ec0e-45ca-bb67-79567be58dc8,汉仪字库,汉仪瑞意宋,√,√,×,×
25cf0cee-9540-4b36-9ef3-a4cd373c9def,汉仪字库,汉仪山云古风楷,√,×,×,×
d2525936-869b-4514-aea8-66959e3841e1,汉仪字库,汉仪十里桃花体,√,√,×,×
23bdd359-3cca-45e4-b27c-4f363eb437d2,汉仪字库,汉仪时光体,√,√,√,×
f7994a12-ee7b-4d23-bf53-fc5097aad3b2,汉仪字库,汉仪时光体放大版,√,×,×,×
7a10d97d-90f6-42e4-9a67-f8bd9ddafede,汉仪字库,汉仪时尚卷体,√,×,×,×
5b9dae5b-d47c-4e3d-bde6-62d197325758,汉仪字库,汉仪手账体,√,√,×,×
bb056869-2423-4687-b525-eecacbed29e0,汉仪字库,汉仪瘦金书,×,√,√,√
7d68a127-e65d-4444-b394-6485375017e0,汉仪字库,汉仪瘦金书体简繁,√,√,√,×
cd5b4b01-5fca-48b7-8efd-e18242cfe67d,汉仪字库,汉仪书魂体,√,√,√,√
dea01286-09a4-47aa-bd3d-b616a3c6257b,汉仪字库,汉仪舒圆黑,√,√,√,×
5b2db117-101d-4bac-b6c7-d30062cae07e,汉仪字库,汉仪帅线体,√,√,√,√
bc6e3bb2-4fb8-45d3-a8f3-ae1da7ea388d,汉仪字库,汉仪水滴体,√,√,√,×
90f97795-4547-4500-bc68-a4e0ecb06407,汉仪字库,汉仪太极体,√,√,√,×
010e4f18-ba0e-45f4-8dda-3e0c4744e9d2,汉仪字库,汉仪糖果体,√,×,×,×
3f02c5ab-df4f-4ab8-b43b-c2abf592296c,汉仪字库,汉仪糖糖体,√,√,√,√
f383a20f-aa7a-4546-867c-237e23842ab4,汉仪字库,汉仪跳跳体,√,√,√,×
d0f356ac-cb0f-45d3-abf9-fd21db44b8b2,汉仪字库,汉仪铁线黑45,√,√,√,×
b55acf15-aed2-4cd8-a90d-b38a9aa0c5ac,汉仪字库,汉仪兔子别跑体,√,×,×,×
f7e3f0bb-b0cb-49ca-a6fb-996d66085923,汉仪字库,汉仪娃娃篆,√,×,×,×
1ccc87a4-6237-45d0-97d7-5d97235a73c8,汉仪字库,汉仪娃娃篆体,×,√,√,×
2b349d9d-f53b-4d4a-a9c8-f399f766a519,汉仪字库,汉仪歪歪体,√,√,√,×
cc338420-68ba-424e-9069-457b5796c91f,汉仪字库,汉仪王俊凯体,√,√,×,×
5bf7e96d-1a20-45e7-a502-5f589d3dcf74,汉仪字库,汉仪王珞丹体,√,√,×,×
ba601336-a46b-42c2-ad80-672dee2596f6,汉仪字库,汉仪王源体,√,√,×,×
cfa3fac4-03d5-4fd6-b1cd-7d6b5e8931f3,汉仪字库,汉仪微微欲飞体,√,√,×,×
b25b4bf4-a6f0-4acb-b573-8ed4e5e1ac39,汉仪字库,汉仪细行楷,√,√,√,√
99815755-27c3-4eb0-aa8a-b1204700d627,汉仪字库,汉仪细秀体,√,√,×,×
4932dc76-7552-4192-a1b4-33c2690cc641,汉仪字库,汉仪细中圆简繁,√,√,√,×
85e6e612-58cc-4edd-b8eb-ee551dbe58d1,汉仪字库,汉仪细中圆简体,×,√,√,√
0224867e-b8df-4c19-83f0-4d09af66c60a,汉仪字库,汉仪夏日体,√,√,√,×
94260191-2462-484d-829f-026229404ba4,汉仪字库,汉仪小恶魔简,√,√,×,×
603dec7a-977c-4849-9da0-b4468b53c234,汉仪字库,汉仪小麦体,√,√,√,√
9cf2aaa0-9614-4141-9363-fe565f5692fd,汉仪字库,汉仪晓波美妍体,√,√,×,×
e6311934-3cda-4ab3-b86b-7efa566ab3ee,汉仪字库,汉仪晓波折纸体,√,√,√,×
75ed9e7a-3c3b-4eab-8618-1488bfb51cb7,汉仪字库,汉仪校园怀旧体,√,√,√,×
ff58b949-907b-4588-bb8e-043819889a36,汉仪字库,汉仪笑笑体,√,√,×,×
5921ecc7-cd06-486a-9411-b36e2daf5856,汉仪字库,汉仪谢娜体简,√,√,×,×
42002bc4-cba1-48a0-ae8d-9b95de8b4036,汉仪字库,汉仪新蒂冰淇淋之恋,√,√,×,×
4bedb03e-3d5c-4b3e-9883-33c1542c6e2c,汉仪字库,汉仪新蒂怦然心动体,√,√,×,×
44fd811d-ecc1-426f-976a-511bf9e8e61b,汉仪字库,汉仪新蒂唐朝体,√,√,×,×
479b2bef-0f4c-4f14-a63d-248661174c93,汉仪字库,汉仪星宇体,√,√,√,√
1594fda3-d1ea-4de0-874f-9fa38f5db39c,汉仪字库,汉仪醒示体,√,√,×,×
d6b7997e-c951-478c-b984-0a0736d195ca,汉仪字库,汉仪许嵩体,√,√,×,×
d45cad3d-b280-46d1-be19-4606f35a30be,汉仪字库,汉仪雪峰体,√,√,×,×
6af9d1c1-60bd-46d8-99cd-8dd4ead87642,汉仪字库,汉仪雪君体,√,√,√,×
ffd7719c-8584-47b2-89f8-dfb6edaa753a,汉仪字库,汉仪丫丫体,√,√,√,√
b1aa11cc-32ec-4536-99bb-e5965b671d04,汉仪字库,汉仪丫丫体简繁,√,√,√,×
b1f49fee-44e6-4e81-bae9-882126d1ed54,汉仪字库,汉仪闫锐敏行楷,√,√,×,×
37b27b21-8f6f-494d-b316-b72d592622ee,汉仪字库,汉仪叶叶相思简,√,√,√,×
1f7cfc8e-f26b-48d5-a1bf-6445397a7f28,汉仪字库,汉仪一泓体,√,√,×,×
ceb505bf-6616-48b5-8587-3bb8469ee3c7,汉仪字库,汉仪易烊千玺体,√,√,×,×
5d2587c5-84c6-4865-9f6d-76878cc878ae,汉仪字库,汉仪哟哟体,√,√,×,×
e4f95e26-dc1a-47fa-8aa0-10bd07045b07,汉仪字库,汉仪悠然体简,√,√,√,√
57aa3b68-3750-4427-a195-90b1b2e05091,汉仪字库,汉仪张杰体,√,√,×,×
e21b6a11-e81b-4331-ba65-f6d095a13b6a,汉仪字库,汉仪张杰星空体,√,√,×,×
7b4db566-7cb8-48e7-9f8c-06a9a3952d86,汉仪字库,汉仪长草体,√,√,×,×
1cfffc4c-c1cb-4094-ac8f-fcc3a529c132,汉仪字库,汉仪长美黑,√,√,×,×
e7cf6978-024c-446d-ac55-29982c30bd15,汉仪字库,汉仪赵丽颖随笔,√,√,×,×
c9769d61-e3de-43aa-be1a-a42132fbba8c,汉仪字库,汉仪赵丽颖体,√,√,×,×
c1ac430d-147d-4512-9d75-ab1aa92a3c84,汉仪字库,汉仪中简黑,√,√,√,×
53a4af14-9b42-4ee5-b252-5e0f32a27781,汉仪字库,汉仪中圆,√,√,√,×
5e3187b4-455e-4ee8-9b4b-deef74647494,汉仪字库,汉仪周笔畅体,√,√,×,×
c88768a7-e024-4208-8cc4-18d8fb7a35c7,汉仪字库,汉仪篆书,√,√,×,×
a2f1c8b7-5070-42b2-846c-4c087f01e46c,汉仪字库,汉仪字囧体,√,×,×,×
8a15e5c3-59e3-4dc6-90e1-ab330ce5dc15,汉仪字库,汉仪足球宝贝简,√,√,×,×
13b124b4-c5d7-4a5a-9b61-92cd682b26d5,汉仪字库,好奇宝宝,√,√,×,×
2b780c61-4069-4c55-a840-9df46e4f9859,汉仪字库,黑板报体,√,×,×,×
b353ebaa-ce9c-4ee0-9438-446073897a96,汉仪字库,黑眼小豆,√,√,×,×
ed8a3b43-3c19-48ce-9c94-2fd21a39e5ee,汉仪字库,后主刘禅体,√,√,×,×
aba1d41d-f1c1-4f55-b04e-009260486226,汉仪字库,花样少年井柏然,√,√,×,×
1ddee9b8-a5be-4dee-968f-b9fbea364dc2,汉仪字库,欢乐颜楷体,√,√,×,×
4216f83b-4d0d-4cb7-85e6-f4128a5ca110,汉仪字库,火星情报局,√,√,×,×
b24458ff-cde3-4064-bd02-e01201b2a37a,汉仪字库,金榜题名,√,√,×,×
139a37ca-65f8-4745-b1d9-9fb7cbc39435,汉仪字库,经典独白体,√,√,×,×
dd4663c9-98da-454e-8655-229e260c219b,汉仪字库,精灵之翼,√,√,×,×
eea04f31-0be7-4f63-9092-87277ef39f74,汉仪字库,就酱肉肉哒,√,√,×,×
c9034045-5a86-4b78-8c19-278af1832a4f,汉仪字库,咖啡笔记,√,√,×,×
31250dd8-31b1-490d-bb13-d374b37e193c,汉仪字库,恋爱公主体,√,√,×,×
39eb6c1b-6871-42dc-b04a-b5617fc8854a,汉仪字库,恋爱王子体,√,√,×,×
b17a063e-999d-4e9d-a2bd-b498d9a7bbfb,汉仪字库,恋恋笔记本,√,√,×,×
0de88eea-de36-4ce5-b1c0-59827b8acddc,汉仪字库,玲珑吟诗,√,×,×,×
cfeaf478-c50b-425c-9e1b-176cf7b9b203,汉仪字库,落雁王昭君体,√,√,×,×
79d6d83e-ae29-4006-ae50-aa89c4bf3944,汉仪字库,马可波罗游记,√,√,×,×
a4851c06-2a23-4674-8b8a-b0816a0c73cc,汉仪字库,卖萌小阿狸,√,√,×,×
6cc76e55-a2f5-4a31-8de2-9d6c485bec7b,汉仪字库,魅音体,√,√,×,×
3a223c6e-429e-496c-91b2-04c26e2e1cc8,汉仪字库,梦幻童话体,√,√,×,×
096c948e-c9c4-4c74-a8ff-ebfcf07fe554,汉仪字库,蜜蜂体,√,√,×,×
25acb8d4-cf67-4d58-bf69-5b0eea271873,汉仪字库,蜜桃比心体,√,√,×,×
8e3efbbc-2b47-406f-8c7b-920ad828843e,汉仪字库,沐宝宝,√,√,×,×
406f08b5-2c2c-4026-86cf-5ba1d825c808,汉仪字库,暖心手写体,√,√,×,×
f2248ddc-8255-444e-aa2a-00893f650e4c,汉仪字库,破月初晓体,√,√,×,×
2f2002a6-e993-40a5-affc-413e0d6e3399,汉仪字库,奇幻非凡体,√,√,×,×
130693e2-1150-4ff0-b620-2aad0a5ba565,汉仪字库,青鸟的诗,√,√,×,×
f43df171-3ad3-4969-ba93-a9a04d860c96,汉仪字库,青云情歌,√,√,×,×
8a97123a-8e1a-4942-8ce5-743d757908f7,汉仪字库,清爽立夏体,√,√,×,×
3356c4fb-58ff-4fd2-9bf8-d445572071ce,汉仪字库,清雅回忆体,√,√,×,×
54f72303-685f-4ea3-ae04-b42c7a60cea0,汉仪字库,清雅写诗体,√,√,×,×
870d7ee1-479f-4461-a635-31279135c4c9,汉仪字库,情书体,√,√,×,×
76ee984e-0f05-4e86-a722-4082b6cb82d4,汉仪字库,荣耀男儿,√,√,×,×
30622b74-77b2-4f3d-8c93-0dc3fd2b401d,汉仪字库,沙发随手体,√,√,×,×
29c89c68-a807-4b63-ae4b-3b0b14f26bc2,汉仪字库,少女日记,√,√,×,×
5b227634-99e6-491c-9cdf-c7d93670b817,汉仪字库,诗仙李白繁体,√,√,×,×
a658f8c9-5227-4229-a509-aff7caab10bd,汉仪字库,狮子座,√,√,×,×
3aad5722-742e-44e5-8c2c-fe5b10501b6c,汉仪字库,随风潇洒,√,√,×,×
31fedd46-8f39-4698-8d28-6acc6cb2bf8a,汉仪字库,天黑请闭眼,√,√,×,×
dfd4a620-3c3a-4509-a461-b780d3571d35,汉仪字库,天使宝贝体,√,√,×,×
a2b5283c-6ff8-4057-9110-5f27d0ee5095,汉仪字库,脱单体,√,√,×,×
f352aa49-5ac9-4c8c-a222-71cc6507ef1d,汉仪字库,王者超然体,√,√,×,×
aab03c52-e487-4142-9b9b-b9994dc93ee1,汉仪字库,为你写诗,√,√,×,×
dd1934fc-2029-4d83-9d09-02fd0c48a09a,汉仪字库,无敌小鹿体,√,√,×,×
b23039ad-2b3f-481c-8ff5-badb75f95ee4,汉仪字库,午后随笔,√,√,×,×
fe9cabfc-2b91-4a0d-8e68-ec31820ccaa6,汉仪字库,嘻哈体,√,√,×,×
8ae05b70-7f9a-40f2-a755-ae30f505551f,汉仪字库,小确幸,√,√,×,×
5ec24bf3-8d07-4863-9b31-4681a5544c5d,汉仪字库,小幸运体,√,√,×,×
9322b987-560a-479f-8d4c-b3990f89a4ff,汉仪字库,幸福趴趴体,√,√,×,×
91b32679-dd41-4e4f-b708-bac78186681b,汉仪字库,幸运女神体,√,√,×,×
ad46158f-74e6-4092-86f6-7d52ac7bfea6,汉仪字库,幸运四叶草,√,√,×,×
3d0ce398-91b2-4fd7-a44b-f25f0b0aaaf9,汉仪字库,幸运珍珠隶体,√,√,×,×
3e26ad6a-ccfc-4abd-bca8-fb848550b3e8,汉仪字库,羿创咩咩体,×,√,√,×
944a9aaa-85b3-4539-8a70-ed9e5dcbb801,汉仪字库,羿创咩咩体,×,√,√,×
33b4f3e4-2fb1-4b38-963a-a25d0c7abc77,汉仪字库,羿创无厘头爱情体,√,√,√,×
e7d4d38e-9e18-4592-a674-8d34bc169553,汉仪字库,羿创无厘头爱情体,√,√,√,×
e2ed5793-6d6e-4ed7-aa2c-6c200138d048,汉仪字库,羿创小公主体,√,√,√,×
edac9bf8-6729-47e8-8c19-ab1cb3ce820c,汉仪字库,羿创星星体,×,×,√,×
f7c805d4-51d2-49c4-b206-44e5232cd5b5,汉仪字库,羿创星星体,√,×,×,×
af51ab24-bfd7-4c52-8ee8-a1206d3d15af,汉仪字库,羿创羊羊体,√,√,√,×
9225aa9f-3b74-4169-98f6-dcfbacb8c7dd,汉仪字库,羿创追爱体,×,√,√,×
7381a83b-8341-4279-9316-7afbf61b78c2,汉仪字库,有故事的男同学,√,√,×,×
fab28f7a-d16c-4040-9164-95320e904890,汉仪字库,预留书信,√,√,×,×
99315001-9a8e-4df9-a0fa-39a312d02a8b,汉仪字库,月亮女神露娜体,√,√,×,×
585df40b-9b24-45d9-947c-0e82d924926c,汉仪字库,择天手记,√,√,×,×
df17c558-051e-40b5-a590-d12f989b61ee,汉仪字库,战神吕布体,√,√,×,×
b50a3ab6-3d07-4fea-b3cf-8091359a484e,汉仪字库,真心话告白,√,√,×,×
f9ae172c-4d99-4dca-a576-9a2c13125a7b,汉仪字库,只为遇见你,√,×,×,×
05bc16fe-db00-4292-953c-f769b142892c,汉仪字库,执笔思念,√,√,×,×
8676d034-486f-4fa1-95f5-374ccd9db3e9,汉仪字库,转角情书,√,×,×,×
1b152d48-ca15-4841-bd8d-7108a13f6e33,汉仪字库,自愚自乐,√,√,×,×
8d7303b0-ce67-445d-a19e-3588434993b4,横竖撇捺,单字情书,√,√,×,×
a1dd0df1-b820-4c59-bf86-b57f8d4ded7e,横竖撇捺,几何板凳体,√,√,×,×
693b3233-daff-4468-b805-433dc84e8255,横竖撇捺,几何波浪体,√,√,×,×
64389f53-ece3-4bf5-b235-35bfd8b3f67e,横竖撇捺,几何刀刃体,√,√,×,×
9e985a57-7b88-4ac7-a634-5771cd2479e6,横竖撇捺,几何极简体,√,√,×,×
733a3e34-2e6a-4ebd-ad7b-c358486a839e,横竖撇捺,几何酒坛体,√,√,×,×
0ab7867b-3aaa-4bc4-9313-8cce9ae7cc32,横竖撇捺,几何利群行楷,√,√,×,×
178ee3d5-1e88-43f9-a8ab-44ad38401d93,横竖撇捺,几何利群楷体,√,√,×,×
2f678f89-7799-4ab0-9588-ebec859008af,横竖撇捺,几何利群圆体,√,√,×,×
7e69aca0-76c9-4fbc-8a78-5d242438d8da,横竖撇捺,几何流水体,√,√,×,×
5aaa6db3-bb78-4d03-bfb1-f6ff353f9152,横竖撇捺,几何现代隶书,√,×,×,×
ea0b4802-9ffb-4c1f-aa2e-d1868ddf3d6a,横竖撇捺,几何月圆体,√,√,×,×
1ff84a97-7336-4399-9f6b-8e726008c455,横竖撇捺,利群触屏楷体,√,√,×,×
928acf41-e059-41f6-a8c5-7672fbe85059,横竖撇捺,利群钢笔楷书,√,√,×,×
710531f1-fe2b-44de-90e3-a0937b97c8b2,横竖撇捺,利群硬笔行书,√,√,×,×
87db35a8-d12a-41f0-a4cc-2b1156f85fca,横竖撇捺,小清新体,√,√,×,×
ef552458-6ad6-406c-b14d-521fe508a31f,横竖撇捺,追光的人,√,√,×,×
73282150-410e-4c21-8de5-e7077aff506b,华光字库,青鸟华光繁行草,√,×,×,×
0e3cac8d-a3bf-457f-91a2-900d3e46136b,华光字库,青鸟华光繁行楷,√,×,×,×
ef31b688-7d73-43b4-a98f-23ed9c8d373b,华光字库,青鸟华光繁楷体,√,×,×,×
b9b46d9c-49e6-4577-97f6-fa29e100651d,华光字库,青鸟华光繁隶书,√,×,×,×
8d71ad8e-7f00-4dfe-b268-ff234953b002,华光字库,青鸟华光繁通心圆,√,×,×,×
048e6019-d5fc-4164-bb26-35ef76c624de,华光字库,青鸟华光繁幼线,√,×,×,×
c9cf4cd6-e6bf-418c-a80c-37b74e55ad69,华光字库,青鸟华光简彩云,√,×,×,×
e2a392e1-f506-433f-8b10-84eb84466663,华光字库,青鸟华光简大黑,√,×,×,×
02405637-9ae3-4fbb-908e-4461b65357c4,华光字库,青鸟华光简淡古印,√,×,×,×
7c1d6702-c269-41c5-8b89-9c688a1f9a1a,华光字库,青鸟华光简行草,√,×,×,×
207d8d24-b55c-4436-b71f-0735e3981a69,华光字库,青鸟华光简行楷,√,×,×,×
7a48cff7-9d04-4f16-b5fe-6f092b73fc1b,华光字库,青鸟华光简黑变,√,×,×,×
144d53e5-5da8-47d5-b75a-f15aa4264295,华光字库,青鸟华光简琥珀,√,×,×,×
f159adf4-7b7c-4678-b021-b32705d290a2,华光字库,青鸟华光简楷宋,√,×,×,×
6e52ba21-3d11-41a1-b8b2-e693b5469ec2,华光字库,青鸟华光简楷体,√,×,×,×
1a0d62cb-85a2-4c94-92b4-2a18a627eb96,华光字库,青鸟华光简隶变,√,×,×,×
ddcb9503-feb4-40ab-aa98-3efc8f70aeed,华光字库,青鸟华光简隶书,√,×,×,×
0edcfb41-ec32-4c00-960a-fee811132c50,华光字库,青鸟华光简美黑,√,×,×,×
59c57eb5-f836-4e16-a3dd-49ad3bc5721c,华光字库,青鸟华光简胖头鱼,√,×,×,×
f5a2fc38-3ad6-4a56-918b-fb7ba603bb56,华光字库,青鸟华光简魏体,√,×,×,×
456cd3dd-c2ad-4cc8-a07a-59f4c0ceaa76,华光字库,青鸟华光简细黑,√,×,×,×
ce497453-ddbf-43c1-95d9-0171fcaaad3a,华光字库,青鸟华光简中等线,√,×,×,×
c3242b79-52f5-40e0-b7ca-ac6d4b15f4a5,华光字库,青鸟华光简中圆,√,×,×,×
e66e9fca-916d-4e2d-b381-4726ab68e494,华光字库,青鸟华光简中圆,√,×,×,×
18c957eb-bd91-4d95-9236-6d8b283e6d1a,华光字库,青鸟华光简综艺,√,×,×,×
ac3aaa89-1b08-40ee-800b-ec27f5152b61,华钛字库,华钛傲娇公举简体W5,√,×,×,×
828974d6-ff86-41ce-8d93-a30472c9e595,华钛字库,华钛傲娇公举简体W7,√,×,×,×
dff87deb-2981-42d6-ab42-7a7a8d4092d2,华钛字库,华钛傲娇俪影简体W5,√,×,×,×
eaf426b4-9a55-4052-b25e-91ad6f1309d2,华钛字库,华钛傲娇俪影简体W7,√,×,×,×
ed0ee6e2-acd2-4be0-a0e9-c7a1d43b3234,华钛字库,华钛金益体超简体W5,√,×,×,×
c8bfa585-828e-4965-8081-8c4e882f2672,华钛字库,华钛金益体超简体W7,√,×,×,×
8a427058-6456-4901-880a-3e73252bc5fb,华钛字库,华钛金益体简体W5,√,×,×,×
227724fa-ff6c-4390-89a8-6997b37017b1,华钛字库,华钛金益体简体W7,√,×,×,×
c06c68bb-ebeb-4667-851e-d36c6c7dda02,华钛字库,华钛老报刊体,√,×,×,×
87fd360c-3673-4356-8e0f-52d65256a69f,华钛字库,华钛老报刊体粗体,√,×,×,×
def86056-2e02-4f66-a19a-a74a0d9411ad,华钛字库,华钛奶酪体,√,×,×,×
ef409f5d-1de2-4aa0-8da5-99777e668b5e,华钛字库,华钛奶酪体GBK,√,×,×,×
3a171891-88d7-4fa4-b7a9-b8d38bd33e21,华钛字库,华钛奶酪体简繁,√,×,×,×
747a2a4b-a813-4ad3-8a4f-0563dcd7be26,华钛字库,华钛年少轻狂简体W5,√,×,×,×
cba5ec51-37a9-4f7b-9eb0-54f7202b6eca,华钛字库,华钛年少轻狂简体W7,√,×,×,×
718e2572-1ebc-49f8-8b6f-3f367210ce58,华钛字库,华钛闲云清茶简体W5,√,×,×,×
c3f88201-6376-4a7b-b99c-6bbda1061ea6,华钛字库,华钛闲云清茶简体W7,√,×,×,×
6344664c-766b-4591-9e2f-7faf29f21b96,华钛字库,华钛圆艺体,√,×,×,×
a3880c5b-c79a-451d-9432-a3dbe9a55283,华钛字库,华钛圆艺体粗体,√,×,×,×
20f6abb9-ef90-4d35-a4b3-8cceccc3f6dc,华钛字库,华钛圆艺体细体,√,×,×,×
212533b2-6b41-43e2-a459-1389c12f4d0b,华文公司,华文仿宋,√,√,×,×
aa1af9e1-7d81-4047-ad91-3717a6cb9299,华文公司,华文楷体,×,√,×,×
bce95b25-1853-4661-8af4-49565a5e5aa3,华文公司,华文隶变,√,√,×,×
efce1d6c-1d98-4edc-a791-9bab6d00f0c4,华文公司,华文隶体,√,√,×,×
a7604a2c-28c2-42f5-9b2e-e7e554ab780c,华文公司,华文美黑,√,√,×,×
af9c7244-86bc-4a13-839b-1d4ba08843f7,华文公司,华文书宋,√,√,×,×
4ace987b-1b70-4ccf-95ba-bb12597549d3,华文公司,华文水柱,√,√,×,×
538f8995-e15d-4741-8a1f-0c567c773f4c,华文公司,华文宋体,√,√,×,×
9b3ccdd2-0cfe-4480-8a80-56ac947ab1f4,华文公司,华文魏碑,√,√,×,×
6e77f35d-829a-4743-a029-ceb4f7fe7c76,华文公司,华文细行楷,√,√,×,×
445cae69-0085-4199-a32e-a5f72ca1daf8,华文公司,华文细黑,√,√,×,×
cb0fe52b-9d61-4250-9e3c-963968683ce7,华文公司,华文细隶,√,√,×,×
89c4df33-8988-4f7c-ac0c-309b8077d7d8,华文公司,华文细柱,√,√,×,×
4e33bf17-6337-49a4-906c-d02c891c4855,华文公司,华文线黑,√,√,×,×
106e34b6-0594-4f31-9f85-48ada4cc0ff1,华文公司,华文姚体,√,√,×,×
23655a15-c373-4175-9733-234621e33d86,华文公司,华文长牟,√,√,×,×
ee969902-918c-4865-bd61-6b6884cfa425,化十,化十体,√,√,×,×
0e9f124a-3cfd-4053-935c-eb7eafe8a3b3,李付飞,李付飞硬笔楷书,√,×,×,×
fec37809-2c56-4fcd-9469-14c5d8cb14d5,李林,李林哥特体简体中文,√,×,×,×
0a27ce0b-4082-4d55-a8e6-adf1982ee5fd,罗西,国锋硬笔行书,√,√,×,×
0002c2dc-0550-44e0-80d9-f1576b074206,罗西,罗西硬笔行楷,√,√,×,×
4afc9959-2d05-4a03-a391-c61da6491d13,罗西,罗西硬笔楷书,√,×,×,×
38e71a8c-bd3e-4844-a80d-b9c061537684,麦鱼,春风麦鱼体,√,×,×,×
e35c2b6a-940c-41f3-be24-5cef3bbaf3db,梦狸,梦幻花园体,√,×,×,×
5e7412ee-bdca-4c60-9afb-376bf6d76d92,米开字库,浪漫情书宽距版,√,×,×,×
61baee90-d913-4f5f-b6e5-432d3b069b28,米开字库,米开标准行书,×,√,×,×
8688746a-7d12-4f4b-b8a3-c4af88fec855,米开字库,米开标准行书,√,×,×,×
051e1733-eb99-47d8-92f5-6645ddb49bd3,米开字库,米开寒梅体,√,×,×,×
70db7684-bd50-4a7c-81f3-4665849dd916,米开字库,米开行楷放大版,√,×,×,×
e2e05c16-8bae-4ef2-9ab7-c94b7ef072e9,米开字库,米开花季情书,√,×,×,×
9a10b1d1-7d89-487b-ad74-ea369df1e32f,米开字库,米开静心禅楷,√,×,×,×
ab8ba52f-f1b3-496a-918e-8c7f6353f659,米开字库,米开静心禅楷,×,√,×,×
7b2fced1-082b-4d75-a487-e52389587ecf,米开字库,米开浪漫情书体,√,√,×,×
bf19ed07-3b38-4a93-905a-ea0c8e277783,米开字库,米开毛笔隶书,×,√,×,×
d83543ad-75ea-402d-a617-d77bf9c9239f,米开字库,米开毛笔隶书,√,×,×,×
a18beb5b-a753-4347-9aeb-69e0da4baa03,米开字库,米开飘逸行楷,√,×,×,×
bf905eac-2da4-44d2-b57f-925e3e437664,米开字库,米开飘逸行楷,×,√,×,×
e21f86e9-b234-4ebb-806e-1ce3a2d8c7e3,米开字库,米开倩女幽魂体,√,×,×,×
87f4849d-b19c-4693-bc62-33c0dfebf347,米开字库,米开青春日记,√,√,×,×
add2f609-0a54-42be-a444-cce1cf75f330,米开字库,米开青苹果,×,√,×,×
ee44e108-a122-480d-be42-98529792c051,米开字库,米开青苹果,√,×,×,×
ddaa0fcf-f27e-4772-9fe1-3911796d05f2,米开字库,米开随性体,√,×,×,×
cf21da7f-8e36-4176-9cc5-c87f52391751,米开字库,米开淘淘体,√,√,×,×
0a92d14d-7a37-4deb-a90d-894028521371,米开字库,米开潇洒情书体,×,√,×,×
2255a43a-e018-41f8-ad23-248836d10da4,米开字库,米开潇洒情书体,√,×,×,×
9b028b59-89b7-4458-be72-8d8f63cdb1c3,米开字库,米开星愿体,√,√,×,×
4f6e7ce9-81c8-42dd-9701-36f43cc1b4ce,米开字库,米开硬笔楷书,√,×,×,×
2d2eb68e-cc21-44f3-9205-9f91f9a0801b,米开字库,米开致青春,√,√,×,×
e465f450-15be-40ea-a777-1e91bba7c05f,木鱼,清茶田格体,√,×,×,×
43f0bd92-adc4-477a-8f93-fbf0358c252e,内蒙古蒙科立软件有限责任公司,传统蒙古文白体,√,√,×,×
5e30a168-7acb-4a92-8538-945e44983939,锐字工房,锋芒黑简,√,×,×,×
20ea2511-a2d3-4f76-9109-4170ed66f066,锐字工房,光芒黑简,√,×,×,×
9544c84f-ad13-4e31-bc80-85a841f60196,锐字工房,海派腔调禅粗黑简,√,×,×,×
eac0b4f5-4c49-428c-bcf5-9cd8f0ec63f5,锐字工房,海派腔调禅大黑简,√,×,×,×
e60064be-1956-4a59-9770-6506d0836df5,锐字工房,海派腔调滚石简,√,×,×,×
545b03b1-5adb-4d67-9500-4e70252bd99d,锐字工房,海派腔调摩擦简,√,×,×,×
9d015ccf-e0b4-42f7-a348-056254ef0bcc,锐字工房,海派腔调奶油简,√,×,×,×
769785bd-4cd5-4763-b662-8c2745fc2945,锐字工房,海派腔调情怀粗黑简,√,×,×,×
11333c83-8162-46de-a953-24a68b96e20f,锐字工房,弘一简体细,√,×,×,×
934323db-0b2a-44ba-8fd1-1750b74e214b,锐字工房,弘一体简粗,√,×,×,×
36743e79-0155-40e0-ae45-446f7465ec2c,锐字工房,默陌肥圆手写简,√,×,×,×
4c15124d-01fa-4a0a-bb0b-5ef4eaaf27bb,锐字工房,默陌写意水墨简,√,×,×,×
d9d4f816-1539-4527-aad2-32fbe5fb78f4,锐字工房,默陌纸鸢草书简,√,×,×,×
f2572d1b-fa27-4e53-b15b-90ae5a138501,锐字工房,荣光粗黑简,√,×,×,×
ab432bb5-69ca-4eba-a5ce-e83ac41738be,锐字工房,锐字磅礴黑简高,√,×,×,×
c684ba6c-9efd-441b-8a52-037fd67240a1,锐字工房,锐字工房磅礴黑简,√,×,×,×
d11a0856-6218-4b3b-a576-dfdc289d3d44,锐字工房,锐字工房巅峰黑简,√,×,×,×
4e352d7d-7bf3-46a0-af0e-da552dd09fbe,锐字工房,锐字澎湃简,√,×,×,×
9bcd4020-0b11-4241-a3e9-3452202f5cae,锐字工房,小豆岛惠中谐趣简,√,×,×,×
12a37ad0-0547-45bc-8db4-6f703dcb92b6,锐字工房,小豆岛建刚魔都简,√,×,×,×
019346b0-24f6-4352-91e2-8a4c8b1df661,锐字工房,小豆岛默陌乐童简,√,×,×,×
7f8ef1fc-1db5-4441-9ef2-268c1c104d4d,锐字工房,小豆岛默陌秀丽简,√,×,×,×
ef518fa7-0983-48b0-ba13-5e51e056c3a7,锐字工房,小豆岛默陌枝桠简,√,×,×,×
115fa920-3dba-4875-98c7-7fd4699b9dcd,神韵字库,霸道校花,√,√,×,×
25175156-77f1-45f1-8253-1f2b1301292a,神韵字库,风荷拼音体,√,√,×,×
4b6f294d-9dd6-4351-85eb-464b29afb652,神韵字库,哈天随性体简繁,√,√,×,×
bb6c288d-0f88-4dae-9ac6-79aa98cf6a7d,神韵字库,哈天随性体简繁加粗,√,√,×,×
14dc3002-824e-4f62-990d-6f61901d8324,神韵字库,今晚吃鸡,√,√,×,×
06b45392-be07-4d29-ae60-fa3b48cca554,神韵字库,惊魂之夜,√,√,×,×
e9547235-48ea-4aa2-9ed5-d8ec04bef3b9,神韵字库,君子好逑,√,√,×,×
cafa2df4-a3d8-464b-b43f-d2558fe4718e,神韵字库,率真体,√,√,×,×
35b1c30d-a1dd-4beb-ba41-48e05fd92df8,神韵字库,萌妞体,√,√,×,×
3390ba63-a769-4c86-a05e-092a6f7b2b56,神韵字库,平安之夜,√,√,×,×
654e1219-0b42-4979-bf5c-4ceb80a8f39b,神韵字库,千里孤鸿,√,√,×,×
ceafa229-3f1b-47ae-9741-78c02aa866ea,神韵字库,任性跨越,√,√,×,×
90831ca6-3fba-4a18-a0ea-4d72772ba773,神韵字库,神韵白云体,√,√,×,×
991b9ca3-0f02-407b-8020-245aabc2980b,神韵字库,神韵春彻晓梅体,√,√,×,×
72e3071a-ea67-436e-84d3-41d2ad948ad4,神韵字库,神韵多姿体,√,√,×,×
a7370a86-3ee3-480b-8ee9-3f92012a56ab,神韵字库,神韵风荷体,√,√,×,×
b5946658-945b-4a9c-badc-5632ec2ed295,神韵字库,神韵哈天精致体,√,√,×,×
456d175b-38f8-4d28-9800-7a6aa8728335,神韵字库,神韵哈天随性体加粗,√,√,×,×
c37d6816-8159-4e1b-bc13-1e4f39285a13,神韵字库,神韵哈天随性体加粗,√,√,×,×
2fb0c5f0-81c8-441a-8cfc-c2523445618c,神韵字库,神韵槐树体,√,√,×,×
c0f4a9b8-7f07-407c-b528-e81e3598534a,神韵字库,神韵连年有鱼,√,√,×,×
30787cd3-5cde-41cd-aba5-47afb8ebbe22,神韵字库,神韵亮亮体,√,√,×,×
c2ee6ae1-9331-4d6c-9d7a-d343173378f2,神韵字库,神韵美丽手迹体,√,√,×,×
1c1054b8-0b0f-45be-a8e2-e123ec68275f,神韵字库,神韵默陌水墨体,√,√,×,×
2020e24d-94ad-4a5f-8c4e-ef9ff885f30d,神韵字库,神韵任性体,√,×,×,×
c20a2bf8-a611-4375-8228-5e022882dfe0,神韵字库,神韵如风体,√,√,×,×
59e97921-1dd0-4184-a903-6104b58835a9,神韵字库,神韵少年体,√,√,×,×
b29f75e7-c257-485b-92c5-9e2ee6be3980,神韵字库,神韵帅气男生,√,√,×,×
7b1766a6-52a9-46e9-8f34-0450025f5a6a,神韵字库,神韵苏画聊天体,√,×,×,×
28277ccf-3e22-461d-82e2-fdcbd39623aa,神韵字库,神韵泰山体,√,√,×,×
9602e701-56f6-4413-87f9-dce009ff8933,神韵字库,神韵唐楷,√,×,×,×
4af83cec-8b33-441e-b4cf-97346865ed2b,神韵字库,神韵祥云体,√,√,×,×
ae953eae-1e3c-41a3-80c7-aed319245301,神韵字库,神韵潇洒体,√,√,×,×
c87c5921-f306-4713-85d1-3067828d474a,神韵字库,神韵潇洒体放大,√,√,×,×
c41e7c6e-8d50-47c1-b343-e3d92d6127bb,神韵字库,神韵小魔仙,√,√,×,×
02d636c8-fa14-406f-b262-889dce6d950a,神韵字库,神韵晓雯体,√,√,×,×
51038c71-26f1-4e22-a5a5-e303a4c16b86,神韵字库,神韵心儿体,√,√,×,×
49483174-3ef2-4ccb-b40b-0a59145cf99c,神韵字库,神韵新春体,√,√,×,×
c7612732-1cb8-41ad-aa1f-3ee8ce2410ce,神韵字库,神韵学妹体,√,√,×,×
3639b2f9-d722-4506-9b68-d315c319cc65,神韵字库,神韵圆润体,√,√,×,×
b8f60d52-6366-4c88-a2ff-36df5999f635,神韵字库,神韵月月体,√,√,×,×
7adf7e77-6450-4e47-bb0c-af8af0520bcf,思雨字库,阿琪纯真体,√,×,×,×
324bb2c0-90fe-4b1a-ab15-71569c53dea3,思雨字库,爱的小永远,√,√,×,×
4f256cf1-60da-4f59-8637-83a7854df695,思雨字库,北雁南飞体,√,×,×,×
79b78502-c320-42c3-ab45-a664e53e74f5,思雨字库,彩舟云淡体,√,×,×,×
c9183418-ebbf-4b0c-81ac-6f3f92bdb3c1,思雨字库,大笨牛字体,√,√,×,×
12bb1b26-cbec-4135-b34c-e9ca074cf0a6,思雨字库,巅峰行草体,√,×,×,×
3b896370-526c-4502-a79f-f964a72db3e2,思雨字库,对酒当歌体,√,×,×,×
45b4edf2-2f2c-42d0-810d-fffca6935415,思雨字库,蒹葭之恋,√,√,×,×
a9763f00-dd35-4569-93bc-b2409421cf59,思雨字库,静雅简行楷,√,√,×,×
cda0e28c-3f2b-47f7-86a8-0468e3c77e58,思雨字库,明月清泉,√,√,×,×
0f810e0c-e96f-44cb-8718-f8d91153ae3a,思雨字库,陌上烟雨,√,√,×,×
02be80fb-126a-40e4-a8c6-36d000e2aab2,思雨字库,阡陌花开体,√,√,×,×
d2288f27-4862-4cbb-82f5-29bc88f6c0b7,思雨字库,青柠酸梅,√,√,×,×
69b833f1-b30d-4d0a-8b91-c00f22bf3518,思雨字库,蜻蜓飞舞,√,√,×,×
71ba1e5b-b0ae-4857-ad0f-d522d0362302,思雨字库,秋日荷塘体,√,√,×,×
c022ce58-0319-409a-bef9-6bd94aed51de,思雨字库,若惜相依体,√,×,×,×
71dba845-1942-47b9-9293-a86aff3c2780,思雨字库,诗与远方,√,×,×,×
faca2031-daec-4060-8970-581f5ed24c1e,思雨字库,手写火星文,√,√,×,×
83a0ac27-9a24-44e2-84c1-3cc37cae4bb8,思雨字库,书山有路体,√,×,×,×
5fda877d-2ec0-4f7c-9652-c3287485822c,思雨字库,思雨红豆体,√,×,×,×
dae3b84c-7ce8-4227-bc2d-8faa603ca853,思雨字库,思雨小燕子体,√,×,×,×
d8c30449-dbc4-4db4-b7fe-b858a17bae7d,思雨字库,思雨小张体,√,×,×,×
fc614fa3-19cd-4b14-845e-b570f1949448,思雨字库,思雨鹧鸪飞,√,×,×,×
583bb71a-c9b0-4d4a-b103-fe7d82d27978,思雨字库,随风逐梦体,√,×,×,×
f684960a-2a67-4d56-9a11-8209b25d99b6,思雨字库,踏雪寻梅体,√,×,×,×
d7d98468-647c-4d91-84ce-cce9a6ce84ff,思雨字库,梧桐细雨,√,√,×,×
0b679ea6-0972-41f6-b13a-6d66f472e2fb,思雨字库,下雨等你,√,√,×,×
06433e6b-5026-496d-9952-bca9ccafe4a3,思雨字库,小白菜,√,√,×,×
0b7e00b0-e571-4ffa-8698-68101d423ace,思雨字库,小宝手写简楷体,√,√,×,×
1fd294cd-2731-421c-8821-ab6afcba8fab,思雨字库,小静的字,√,√,×,×
d87441e9-ee81-400f-9c17-addea680832c,思雨字库,小楼夜听雨,√,×,×,×
e051c5ab-a875-4337-a809-2fd10188dd9a,思雨字库,心悦君行书体,√,×,×,×
a5e4b31c-3855-4263-a6ac-a8d8cfd8e7e3,思雨字库,秀丽芬芳体,√,√,×,×
468b1682-bce1-4b5d-ae2e-d0ed90ef2b02,思雨字库,轩窗听雨,√,√,×,×
0d804bdc-feac-4486-ab68-d301df367290,思雨字库,学海无涯体,√,×,×,×
820d64ff-cdbd-4382-bf0e-47790e447896,思雨字库,薰衣草之恋,√,×,×,×
f16bd46a-0ef5-497d-a56b-3cdc41a4bb05,思雨字库,愿君安好体,√,×,×,×
1a24aeb4-501f-4176-a0c8-1589d8610063,思雨字库,正氣簡繁楷體,√,√,×,×
9fe918e2-edb1-430a-a00f-76b718a43b14,苏新诗,苏新诗爨宝子简,√,√,√,×
7a987592-c236-4772-a9d6-eb83e53d6706,苏新诗,苏新诗古印宋,√,√,√,×
b797b1e5-d594-4f72-810c-444b5c796cfe,苏新诗,苏新诗毛糙体,√,√,√,×
ed451d1f-88bf-4d96-91d5-4f70cedf821f,苏新诗,苏新诗鼠标行书,√,√,√,×
b1f1af1d-2b43-45ea-938f-c212e8416c46,孙新恒,孙新恒革命黑,√,×,×,×
81827b09-9f5a-4472-925b-dc50efd8bac3,腾晖字库,萌妹子手写体,√,×,×,×
cd0767a0-194e-48a1-b124-a8fd34f36820,腾晖字库,泡芙小姐,√,×,×,×
86e2ec3a-0ac9-4a28-a48a-8a4f7dbed61a,腾晖字库,旗开得胜体,√,×,×,×
ca0ea289-4d96-4b6d-a8e7-e39e9ba53f1a,腾晖字库,书生体,√,×,×,×
74f3c6d7-0958-4438-93b7-984e041af995,腾晖字库,天马行空体,√,×,×,×
d192054a-3d8a-4045-af7d-603dd469641b,腾晖字库,惺惺相惜体,√,×,×,×
ed887e1b-2851-4467-b105-7a676f420bf9,腾晖字库,悠悠我心体,√,×,×,×
4db6fc6a-8ab4-4a16-becb-925b09ddbc05,腾祥字库,伯当行楷大字库放大,√,√,√,×
42f69435-b547-4011-a0fb-fef9dc4554c5,腾祥字库,伯当行楷简繁放大,√,√,√,×
50a55e98-af37-40ef-bc3c-f85087f45ea1,腾祥字库,腾祥爱情体繁,√,√,×,×
49eb329b-6d39-4b25-878f-c95764e7c0ed,腾祥字库,腾祥爱情体简繁,√,√,×,×
1228033b-351b-4ab6-8eff-1e7e3c46020c,腾祥字库,腾祥爱情体细繁,√,×,×,×
3716d158-141d-45c5-af5a-0c6d001e5ef5,腾祥字库,腾祥爱情体细简繁,√,√,×,×
2d5f8038-4e1c-4394-bd73-11d68acc946c,腾祥字库,腾祥伯当草书,√,√,√,×
027597dd-f5f4-4a96-9166-a58f1bf805c4,腾祥字库,腾祥伯当行楷大字库,√,√,√,×
974f0d6c-f680-4878-98f9-23ff0e8fee6e,腾祥字库,腾祥伯当行楷繁,√,√,√,×
7fe42184-45e5-43a5-9540-052279b79765,腾祥字库,腾祥伯当行楷繁放大,√,√,√,×
186c7807-fa81-4522-bebb-05c7d6f5dd85,腾祥字库,腾祥伯当行楷简繁,√,√,√,×
03be2e68-b45f-46f8-bfc0-2b3863bf8935,腾祥字库,腾祥超粗圆繁,√,√,√,×
7c5b0327-9973-4c80-b22e-c82e86fe5d5a,腾祥字库,腾祥超粗圆简繁,√,√,√,×
e66af0ed-f436-4fb3-824c-f639767df67f,腾祥字库,腾祥超细圆繁,√,√,√,×
1270bf2e-4a48-4065-a5b8-f5b3b633c461,腾祥字库,腾祥超细圆简繁,√,√,√,×
23513656-8e36-44be-bb2a-8357b06b0ee5,腾祥字库,腾祥匆匆体简繁,√,√,×,×
0718b3f6-d1a9-4d3f-a4ee-77b7f91ba167,腾祥字库,腾祥粗圆繁,√,√,√,×
7e5ad63a-c859-4e29-9d16-661763d2da81,腾祥字库,腾祥粗圆简繁,√,√,√,×
669d2e43-ece7-40c0-a594-7b71d866f822,腾祥字库,腾祥大黑繁,√,√,√,×
bfe67ef4-141d-4152-9ab8-a0713e16e557,腾祥字库,腾祥大黑简繁,√,√,√,×
ae68a275-35d3-4e52-9696-049f23b4118b,腾祥字库,腾祥大圆繁,√,√,√,×
90d7784d-12d9-406c-bdd0-e778c9437afb,腾祥字库,腾祥大圆简繁,√,√,√,×
8c10ab48-37fa-4942-b9e6-6d5e3f166f36,腾祥字库,腾祥豆豆体简繁,√,√,×,×
80fee0e8-cbde-491e-be95-ae2299e2f23e,腾祥字库,腾祥婀娜体繁,√,×,×,×
3982b0a7-ab14-4279-8bbb-22cd04b76593,腾祥字库,腾祥婀娜体简繁,√,√,×,×
17631880-8045-40c2-9eaa-9fee9c8eab1c,腾祥字库,腾祥范楷繁,√,√,√,×
b25aa13d-ea23-40e6-924d-1fd8d9373441,腾祥字库,腾祥范楷简繁,√,√,√,×
7f8856c4-3322-4b3b-950b-109e6c16f283,腾祥字库,腾祥钢笔体繁,√,√,√,×
6231fe99-cd48-435a-8c11-53a8bbddda22,腾祥字库,腾祥钢笔体简繁,√,√,√,×
3315c1b7-351d-439a-8fce-525f55d0d5d7,腾祥字库,腾祥简牍简繁,√,√,√,×
4816ef18-aab0-46b2-8d68-51d46858ae8f,腾祥字库,腾祥简牍体繁,√,√,√,×
02b91a5f-20e8-42b4-9b9a-69748438eaf0,腾祥字库,腾祥金砖黑繁,√,√,√,×
caff2b51-9020-4934-ae4a-548736169cd7,腾祥字库,腾祥金砖黑简繁,√,√,√,×
ee5f18b0-0eea-4f8e-a78e-d00975eeab8b,腾祥字库,腾祥卡通体繁,√,√,√,×
5a4f99f7-2a36-4b94-bfc3-569f90665520,腾祥字库,腾祥卡通体简繁,√,√,√,×
592c866b-392b-404e-be9f-5a3a7d3640e9,腾祥字库,腾祥澜黑,√,√,×,×
30e5cc61-419c-4202-934f-9260f40e0296,腾祥字库,腾祥隶书繁,√,√,√,×
26a82d6c-1841-4391-9462-bce4ce4aad0e,腾祥字库,腾祥隶书简繁,√,√,√,×
7512d0ec-306b-4bf5-9d2e-fe398e3a6700,腾祥字库,腾祥凌黑,√,√,√,×
973b0ed3-ef09-4b53-80aa-04c77108cc40,腾祥字库,腾祥麦黑,√,√,√,×
b209ebcd-bce0-4737-8080-fab0a15e0270,腾祥字库,腾祥面包体简繁,√,√,×,×
f7b5f594-d0a9-47e5-bae6-9c979bc0d2bf,腾祥字库,腾祥铭刻体繁,√,√,√,×
7d8c65f6-66e9-4b8e-88ee-cfa06ee9fd8d,腾祥字库,腾祥铭刻体简繁,√,√,√,×
26036367-2261-4e57-8a1c-1c2462947191,腾祥字库,腾祥倩女体繁,√,√,√,×
73b0abb3-fa44-4bfe-93f6-bbe9cc9946bf,腾祥字库,腾祥倩女体简繁,√,√,√,×
df97147a-7b0a-4581-845e-53a37fa8b5a6,腾祥字库,腾祥倩心体繁,√,√,√,×
cfb773e5-d8a3-4a82-9dac-3c2db61c5091,腾祥字库,腾祥倩心体简繁,√,√,√,×
583928f7-ca0e-449d-9fb1-055efc703a15,腾祥字库,腾祥倩影体繁,√,√,√,×
d274ae42-4e6b-4523-a5e1-10a3588d956d,腾祥字库,腾祥倩影体简繁,√,√,√,×
7ceb9a5a-733c-4012-9b19-97f8a3bb6feb,腾祥字库,腾祥沁圆W1,√,√,√,×
ed904daa-3bb5-4468-997b-14f141822d28,腾祥字库,腾祥日历体繁,√,√,√,×
65b2a307-187c-4684-8e18-96c2eb803d62,腾祥字库,腾祥日历体简,√,√,√,×
0cc7d574-b6cb-412d-8c90-93c5018ffa78,腾祥字库,腾祥睿黑W1,√,√,√,×
192e4b63-5b1b-4610-96ec-d72cdf25cd66,腾祥字库,腾祥睿黑W2,√,√,√,×
a7c51a7b-e7fa-4419-90c2-f979a7cbdd9d,腾祥字库,腾祥睿黑W3,√,√,√,×
fbfac2b3-8ce3-4bca-bffe-f3b826cf9f61,腾祥字库,腾祥睿黑W4,√,√,√,×
f014d673-8042-414e-9a06-d8c8576e0cae,腾祥字库,腾祥睿黑W5,√,√,√,×
de50f68b-781d-42d9-b57b-df3170affa56,腾祥字库,腾祥睿黑W6,√,√,√,×
53e7a49d-dce6-423d-9ffe-e031ece01599,腾祥字库,腾祥石头体繁,√,√,√,×
6e33b761-090d-4059-a82d-ebe58c6d6c82,腾祥字库,腾祥石头体简繁,√,√,√,×
7de44285-2cf6-4329-b9ea-bb636d5119a1,腾祥字库,腾祥书宋大字库,√,√,√,×
7c6810b6-2841-4013-81da-ad31ac61598c,腾祥字库,腾祥书宋繁,√,√,√,×
17476f14-0757-4f72-89bc-293eaf336200,腾祥字库,腾祥书宋简繁,√,√,√,×
654e343f-3dc6-4b53-9a4f-38bfd7c4661d,腾祥字库,腾祥铁山楷书繁,√,√,√,×
98152916-bd63-4b0d-8738-57f5e9036823,腾祥字库,腾祥铁山楷书简繁,√,√,√,×
ff07c91d-b03f-4275-93f8-af031f06879c,腾祥字库,腾祥铁山硬隶繁,√,√,√,×
e82e2404-1916-4195-a812-2f9de241d882,腾祥字库,腾祥铁山硬隶简繁,√,√,√,×
5e047c85-59e2-4503-9642-4b3547570239,腾祥字库,腾祥童行体简繁,√,√,×,×
586d9c6d-2987-475e-bdb2-829b3403aa24,腾祥字库,腾祥童话体简繁,√,√,×,×
eedc61cb-e96d-4334-80d1-9a021cf9fd1a,腾祥字库,腾祥童宋体简繁,√,√,×,×
6be9bbd0-5ccf-445a-a1f0-1104b14146a2,腾祥字库,腾祥细潮黑,√,√,√,×
260cc9ea-ca3d-4412-b824-e56b4f8a3ca8,腾祥字库,腾祥细潮圆,√,√,√,×
6d84a901-1b71-4b33-858b-815635ac3075,腾祥字库,腾祥细黑繁,√,√,√,×
0c04c01b-fedd-42ca-8e22-063823be8026,腾祥字库,腾祥细黑简繁,√,√,√,×
bef14d2c-034c-40bf-8b80-2c5a36ccb007,腾祥字库,腾祥细圆繁,√,√,√,×
8e4a95b3-9687-45b2-b90a-6737b5d0dab1,腾祥字库,腾祥细圆简繁,√,√,√,×
0b438cff-b9c7-42db-b98b-13da0b108cc3,腾祥字库,腾祥纤圆繁,√,√,√,×
42b75bdc-e4db-4e1c-8978-a211cb1c297f,腾祥字库,腾祥纤圆简繁,√,√,√,×
4ebb6253-48c1-4ca8-95bd-e2b0b8d76cfe,腾祥字库,腾祥线波黑繁,√,√,√,×
ada96a92-6b26-4b88-95f4-262bbef18f33,腾祥字库,腾祥线波黑简繁,√,√,√,×
166afd3a-0bde-470c-ac10-2e0e2bdce644,腾祥字库,腾祥线黑繁,√,√,√,×
f980c5ce-81e4-43ed-8949-385a8c81f527,腾祥字库,腾祥线黑简繁,√,√,√,×
39b5826a-4afe-453b-9474-89b700baa0d9,腾祥字库,腾祥相思体繁,√,√,√,×
1911400a-c9b2-46ee-8da9-8bf59ca4811d,腾祥字库,腾祥相思体简繁,√,√,√,×
f079fdf6-72e2-4165-94c0-7118b03adf4d,腾祥字库,腾祥小小新繁,√,√,√,×
01716907-fd7a-41f1-a53a-e00535bb923b,腾祥字库,腾祥小小新简繁,√,√,√,×
25308e42-9637-49cf-8119-4db79caed7b0,腾祥字库,腾祥小新体繁,√,√,√,×
603018e5-b2e3-4a47-b3bf-dcf3d4dc0eb8,腾祥字库,腾祥小新体简繁,√,√,√,×
f9da8a0d-6643-4bf1-885f-dcf641964846,腾祥字库,腾祥幼儿体繁,√,√,√,×
61ac5ffe-dd02-4951-942c-82eafe3c6f89,腾祥字库,腾祥幼儿体简繁,√,√,√,×
2c8a015c-6663-417a-891c-7363a413c399,腾祥字库,腾祥智黑W1,√,√,√,×
434614f2-c552-494c-9797-5b25d87af8fa,腾祥字库,腾祥智黑W2,√,√,√,×
d0914b0c-f404-4193-987c-9ff74f8e1bbb,腾祥字库,腾祥智黑W3,√,√,√,×
6e6732af-384c-4e1d-b1b4-4cf1df5b8f70,腾祥字库,腾祥智黑W4,√,√,√,×
12a45379-c430-4e96-bfe7-b0159bc1152d,腾祥字库,腾祥智黑W5,√,√,√,×
8ec26f1b-e10e-4584-abe3-7e463d4fa40b,腾祥字库,腾祥智黑W6,√,√,√,×
72d7e796-7b98-4f7d-975a-15c05088b779,腾祥字库,腾祥中黑繁,√,√,√,×
6c8019ea-a2fa-48ae-8f83-9d442b19d08b,腾祥字库,腾祥中黑简繁,√,√,√,×
8c36c943-eec6-4d1d-aa9e-539c7deab864,腾祥字库,腾祥中圆繁,√,√,√,×
d17cba22-19e9-4941-b1ba-6052533575d6,腾祥字库,腾祥中圆简繁,√,√,√,×
c84f6369-ed60-480e-8646-f2eec6d628f0,腾祥字库,腾祥准粗圆繁,√,√,√,×
7594c02f-191a-486e-bba2-15b28ff122ff,腾祥字库,腾祥准粗圆简繁,√,√,√,×
d60413f5-3391-429d-b257-55cb6f8ec1fa,王国平,王国平硬笔楷书,√,×,×,×
3f775603-1be9-493a-be2b-2a345bd1f1db,文道字库,晨曦体,√,√,×,×
5150e757-34af-49de-87c0-0276f49c26ce,文道字库,初见体,√,×,×,×
49e00614-45b2-4d9c-a92d-278ac582b63a,文道字库,春暖花开体,√,√,×,×
f6ed976b-6547-4e9e-a022-bd71f885e8df,文道字库,浮生体,√,√,×,×
5a4bfed9-a869-4abb-a42f-0603a5ba315c,文道字库,腹黑体,√,√,×,×
d0e72853-238e-4f34-9802-e9023a7e7575,文道字库,金玉楷体,√,√,×,×
b2936768-7de1-4147-a80d-e76be9aeafc0,文道字库,冷萌体,√,√,×,×
f268622d-39e5-4154-b0b0-2ffff3aa460f,文道字库,秘密日记,√,√,×,×
aa225965-332e-4f51-a3f3-73af379d850e,文道字库,陌上花开体,√,√,×,×
6dad6e5f-1956-4480-8592-fb9a41865811,文道字库,若梦体,√,√,×,×
108dfbdd-5063-4e94-9e11-6593c5ba9b62,文道字库,盛世繁花体,√,√,×,×
96b472a1-b2b9-4e65-b323-8d752ec3502b,文道字库,时光记忆体,√,√,×,×
8c1b3afa-7bec-4a97-8ec0-af9a53a1c1ad,文道字库,思源体,√,√,×,×
179fb809-5aa7-4174-ad03-eca22172d933,文道字库,荼蘼体,√,√,×,×
be72cc9c-7d90-4e60-b87d-d319a0a4ad2d,文道字库,文道硬笔行书体,√,√,×,×
9dbb9a50-a86c-4ee5-8dfe-97973ea0eaaa,文道字库,小仙女体,√,×,×,×
a8ca28f4-1fbd-4e1a-9f71-0fdf0895cd7b,文道字库,星辰体,√,√,×,×
3cd2ee67-f304-460a-8068-235df673bc5c,文道字库,寻欢体,√,√,×,×
954f6d3c-eea8-41cd-bdca-8821c97e1ef3,文道字库,云烟体,√,×,×,×
0d3dddf1-163e-408f-b2f6-aec14d285fba,文鼎字库,粗钢笔行楷大字库,√,√,√,×
ff48f213-f136-4159-b4b6-da6ba7a88a2b,文鼎字库,大签字笔体大字库,√,√,√,×
fecfd881-39bc-44d2-a4e5-16e811cad44e,文鼎字库,黄阳尖魏体简繁,√,×,×,×
5816796f-6ae8-466f-9d0f-9d0dc9769490,文鼎字库,谁的字体B大字库,√,×,×,×
29ff43dc-d422-4ff0-a424-611ef7c1a476,文鼎字库,谁的字体M大字库,√,√,√,×
d9543fab-3d7f-4a0a-aea0-044633a1464b,文鼎字库,文鼎DC庆科静雅体,√,√,√,×
780b3cf6-2755-4243-bd8a-c47848a80067,文鼎字库,文鼎ＰＯＰ－４体,√,√,√,×
0242d244-e8c6-40de-8f29-2704daaeb3d3,文鼎字库,文鼎TS文青钢笔,√,√,√,×
f45a4945-ecfe-4207-9208-6587dc458a50,文鼎字库,文鼎TX彩云_U,√,√,√,×
73698333-5379-42a2-be22-77c4215afabd,文鼎字库,文鼎TX古印体_B,√,√,√,×
b3ef2b5e-9ded-451f-ad8b-6b51d6a43b62,文鼎字库,文鼎TX甜妞体_B,√,×,×,×
440cd212-b51e-4afd-b92f-07e47e7df7ef,文鼎字库,文鼎TX新艺体_U,√,×,×,×
6004928d-4b46-4130-ae42-c9e63c857bf2,文鼎字库,文鼎报宋,√,√,√,×
7fe0b439-1a70-4a6a-b401-136656c2eb78,文鼎字库,文鼎报宋二,√,√,√,×
65d5ed2a-874d-45e5-b232-80ef4ff5a03f,文鼎字库,文鼎彩云,√,√,√,×
5316f7c7-ffe4-4c8d-ad26-4d64c16c6844,文鼎字库,文鼎陈森田体,√,×,×,×
51ec1ebc-ec66-4ca1-8d0a-4001b468048d,文鼎字库,文鼎陈森田体簡繁,√,×,×,×
384a2424-2770-4cb1-9a00-e710cfd32709,文鼎字库,文鼎齿轮体,√,√,√,×
04e361e8-3f3e-480b-939f-ca0002948596,文鼎字库,文鼎粗仿宋,√,√,√,×
c16877f8-b2d4-437f-9b42-69f79835f36e,文鼎字库,文鼎粗钢笔行楷,√,√,√,×
bd32ec57-ddab-40c3-a9a1-f63b61c9395e,文鼎字库,文鼎粗广告体,√,√,√,×
e2b4e8f4-38b2-402a-bb84-e0e73cbe659b,文鼎字库,文鼎粗行楷体,√,√,√,×
1dc631d2-5411-4c50-ab8a-202ea086d3c7,文鼎字库,文鼎粗黑体,√,√,√,×
0509a7c1-a2a1-4773-847a-77c9cc50f53b,文鼎字库,文鼎粗勘亭流体,√,√,√,×
d610dd19-73f8-4f67-b4de-139d9a710386,文鼎字库,文鼎粗勘亭流体,√,√,√,×
efd33feb-2660-4401-a1b4-d186104feae9,文鼎字库,文鼎粗隶,√,×,×,×
45fb57a4-04c1-49fb-8db2-391c924366f6,文鼎字库,文鼎粗毛楷体,√,√,√,×
daae7cf9-cc63-4484-81bb-c266d6047e83,文鼎字库,文鼎粗甜妞体,√,√,√,×
1d30fe59-1ff8-4f73-bd2a-e7e08363a0d6,文鼎字库,文鼎粗魏碑大字库,√,×,×,×
c0809167-6c79-4410-b621-1fe11b6f8e01,文鼎字库,文鼎粗魏碑体,√,√,√,×
e8488245-6a63-47c4-aac9-98f453c7b7dd,文鼎字库,文鼎粗魏碑体繁,√,√,√,×
fbb6d39d-6e0e-44c0-9ea0-a082f8d7e912,文鼎字库,文鼎粗圆,√,√,√,×
816dc74e-4834-43a4-9278-2d7cfcddaef5,文鼎字库,文鼎大标宋,√,√,√,×
50e05477-97a2-4e3c-8ca2-d538c6a1e30e,文鼎字库,文鼎大钢笔行楷,√,√,√,×
6f0c5c51-6fac-4568-a15c-fb40a1506d13,文鼎字库,文鼎大广告体,√,√,√,×
0b7829a9-f40b-4551-9d86-1024dd7524b7,文鼎字库,文鼎大毛楷体,√,√,√,×
6202182c-4d92-4991-b130-f3df28a62d6e,文鼎字库,文鼎大魏碑体,√,√,√,×
0bb96d1a-792a-4cf2-89bb-f23829034da8,文鼎字库,文鼎弹簧体,√,√,√,×
2faa216a-3062-46eb-96fe-c5bae8b225dc,文鼎字库,文鼎雕刻体,√,√,√,×
1d03de5b-4e68-44a9-93aa-1ec44ef73890,文鼎字库,文鼎古印体,√,√,√,×
46d2e839-fa42-4642-b1de-238bc9f26ba1,文鼎字库,文鼎古印体繁,√,√,√,×
44bec4c9-686d-4d8d-b4e4-7e66fa156c83,文鼎字库,文鼎古印体简繁,√,×,×,×
da97e1b7-da87-49ae-a51b-6009ee3d0026,文鼎字库,文鼎海报体,√,√,√,×
2ce9aa14-ef18-4e9c-9fa4-414f616cb0db,文鼎字库,文鼎海报体繁,√,√,√,×
094e48f2-fd90-4e21-a2ab-fe7f5402535c,文鼎字库,文鼎行楷碑体,√,√,√,×
d1714ece-e2a2-47bb-b966-57bd5c28bf17,文鼎字库,文鼎横线像素,√,√,√,×
f854dee2-e8dc-4684-8f51-645675eaccff,文鼎字库,文鼎琥珀,√,√,√,×
b67a33e7-b915-432f-bd13-7fce6106a753,文鼎字库,文鼎花瓣体,√,√,√,×
c7f7d515-ac9e-4625-9a97-ad5ef90fb851,文鼎字库,文鼎黄阳尖魏体,√,√,×,×
f369175d-525c-44d0-8efa-320cc773e7d3,文鼎字库,文鼎火柴体,√,√,√,×
88e6216e-9335-438c-a421-be0c1ea6ac49,文鼎字库,文鼎贱狗体,√,√,√,×
9e9b7820-c5ce-4348-9464-daa15792c5d0,文鼎字库,文鼎渐层方点像素,√,×,×,×
7edd9f88-3e8f-4f7b-ac5b-ddc93bf3ff62,文鼎字库,文鼎荆棘体,√,√,√,×
bb951687-60ae-41da-967e-058e372e1c73,文鼎字库,文鼎晶栩粗黑,√,√,√,×
4f4183af-0d69-4af7-b076-ed8912fab84a,文鼎字库,文鼎晶栩中粗黑,√,√,√,×
154e2d58-993b-4d12-9702-205e26f68326,文鼎字库,文鼎晶栩中黑,√,√,√,×
854bb6b1-eae8-42f9-ba74-14feb3ebc526,文鼎字库,文鼎宽窄巷体,√,×,×,×
6b255390-baba-4765-9981-15f5207a6b9d,文鼎字库,文鼎立体像素,√,×,×,×
6aadec47-8748-4dd1-9af6-0ea214c6114f,文鼎字库,文鼎奈谷米POP,√,√,√,×
f6b2d282-8fb4-4df8-91d0-683f5484d37d,文鼎字库,文鼎妞妞体,√,√,√,×
cd47040f-fdad-435a-8cb3-7a669feb18e5,文鼎字库,文鼎霹雳体,√,√,√,×
9c6be408-561e-48ac-8cec-cb9f06afc574,文鼎字库,文鼎石头体,√,√,√,×
bed475e2-16d0-4c46-83a8-31fc55977f44,文鼎字库,文鼎书林细黑,√,√,√,×
f4733a7c-b806-42b0-a96d-18e667a52ed5,文鼎字库,文鼎书林中黑,√,√,√,×
a8dbaac9-8014-462b-8503-75bede756e4c,文鼎字库,文鼎书宋,√,√,√,×
5a2a3696-bda3-4dc5-9873-0c186373161a,文鼎字库,文鼎书宋二,√,√,√,×
d8dc4da5-24bd-4868-b171-78f6f910ae22,文鼎字库,文鼎书宋繁,√,√,√,×
69b9d029-7cc2-469c-b83f-c53c7828a372,文鼎字库,文鼎谁的字体,√,√,√,×
20ca7db9-d141-4ef7-a3f8-c51002191788,文鼎字库,文鼎水管体,√,√,√,×
623ac126-e02e-4b07-b3bb-9c60375f0c09,文鼎字库,文鼎桃花源体,√,×,×,×
965387a6-50a7-4fd4-b59d-3ffa3f9a288f,文鼎字库,文鼎特粗勘亭流体,√,√,√,×
bacd06ca-c771-4746-8a8f-02749f61477f,文鼎字库,文鼎特粗宋,√,√,√,×
9494feb7-f44d-47d5-8595-fc16d551bb65,文鼎字库,文鼎特粗圆,√,√,√,×
fd05f3ff-c0c7-4a5c-9be6-1fc306b01446,文鼎字库,文鼎特勘亭流体,√,√,√,×
e371c5c1-3ed8-4805-b544-081bee5ab725,文鼎字库,文鼎特毛楷体,√,√,√,×
b3087648-ab44-489b-82e7-84dac4164de8,文鼎字库,文鼎特甜妞体,√,√,√,×
03b3a55d-8374-445e-8593-13804740c0ba,文鼎字库,文鼎特颜楷,√,√,√,×
da941ab9-6fdc-4420-8684-5d474455e597,文鼎字库,文鼎特圆,√,√,√,×
8e333c00-5e2a-442d-96ed-4f3ab0dc47ae,文鼎字库,文鼎甜心体U,√,√,√,×
dace9ae0-0c8a-4fa9-b8a1-3ecce8dabe05,文鼎字库,文鼎习字体,√,√,√,×
1141c334-a792-404d-b175-90d886791d85,文鼎字库,文鼎喜羊羊H,√,√,√,×
d922cb1f-487e-4d74-bb6b-4905350e72bd,文鼎字库,文鼎细仿宋,√,√,√,×
68c38511-daaa-4a10-82b4-d7a7c09fac3b,文鼎字库,文鼎细钢笔行楷,√,√,√,×
19429e2c-6cad-4a71-a43d-892471c54388,文鼎字库,文鼎细黑体,√,√,√,×
d028ff49-1c1c-46af-a078-b0b091833649,文鼎字库,文鼎细圆,√,√,√,×
41f94ab5-7fca-4093-a64e-eefeecc65626,文鼎字库,文鼎细圆繁,√,√,√,×
5bd6e1c7-36fe-4fbe-8613-79ce4251bf2c,文鼎字库,文鼎香肠体,√,√,√,×
f4662fba-6f0f-4d7b-9ca3-970e9fb5c053,文鼎字库,文鼎香蕉人简繁,√,×,×,×
0c723c14-fb59-4646-bea0-8996234530a4,文鼎字库,文鼎香蕉人体,√,×,×,×
701bccdc-a6f5-4088-9ae3-9fe058a9aac4,文鼎字库,文鼎潇洒体,√,√,√,×
5e5547ca-e2d8-4834-bcc3-1f75f0a8ae04,文鼎字库,文鼎小标宋,√,√,√,×
9c65153e-317e-484c-b564-f41e73894e50,文鼎字库,文鼎斜线像素,√,√,√,×
eaa5e2a7-d725-4a8f-971c-30cc2c083f3b,文鼎字库,文鼎新粗黑体,√,√,√,×
1ab10ddb-8011-44c1-b83a-7ef8bfecabb1,文鼎字库,文鼎新粗黑体繁,√,√,√,×
2b474812-f1a2-4d4e-aaff-c9c9eb330846,文鼎字库,文鼎新特粗黑体,√,√,√,×
f780f5f7-f230-4934-a682-e4507879d8e8,文鼎字库,文鼎新艺体,√,√,√,×
3f93a3b1-62c7-4c4f-a7de-ad9f6314f86e,文鼎字库,文鼎新艺体繁,√,√,√,×
a00a4f5a-e3af-4ff6-973f-e85443e8e421,文鼎字库,文鼎淹水体,√,√,√,×
4a6408a5-d2bc-40b5-af76-346e0a67c5fc,文鼎字库,文鼎圆立体,√,√,√,×
cf1703d9-03bf-436f-9c60-d59e61cf91d0,文鼎字库,文鼎云康钢笔行楷,√,×,×,×
642ee7b9-4d37-41cf-bb03-6f3a5f09b58f,文鼎字库,文鼎云康行楷体,√,×,×,×
7345a5cb-9568-461b-8528-126f839e9e95,文鼎字库,文鼎中仿宋,√,√,√,×
4bbb513e-2147-4c44-ab15-1703e3b0b4e0,文鼎字库,文鼎中钢笔行楷,√,√,√,×
a815fc8c-7339-4d0e-a594-e2629c64703f,文鼎字库,文鼎中行书,√,√,√,×
ab52cd73-3370-4280-9d62-8d291feecca7,文鼎字库,文鼎中黑体,√,√,√,×
e14a1505-2030-43de-b117-3c0f2eaddfa2,文鼎字库,文鼎中楷大字集,√,×,×,×
131dc0e7-9c6d-4dd5-a1ec-85125c11ffd0,文鼎字库,文鼎中楷体,√,√,√,×
032ecf21-2d5c-4c3b-a031-91ffcfd286d5,文鼎字库,文鼎中楷体繁,√,√,√,×
42c02b2d-9af1-4c17-aba0-c8dcb564d72e,文鼎字库,文鼎中隶,√,√,√,×
1bfcf0b7-95b8-4db1-9be3-3c3c825064c3,文鼎字库,文鼎中隶繁,√,√,√,×
65f36e95-8d37-45cd-bdc8-81905c6196c0,文鼎字库,文鼎中宋,√,√,√,×
cd439207-7024-4b35-9440-8aa268bc10c9,文鼎字库,文鼎中魏碑体,√,√,√,×
f0d4260e-1935-4d9c-8df3-0a8c3e74cd30,文鼎字库,文鼎中圆,√,√,√,×
7c88fff5-02ba-4642-b62e-e3914cf9038c,文鼎字库,文鼎竹子体,√,√,×,×
955fa47f-004b-403e-9c84-0bb495538d51,文鼎字库,左手写字体,√,×,×,×
11cc4028-3249-4b0d-bca2-f34709827b04,文鼎字库,左手写字体加粗,√,×,×,×
fcd07f83-b1f3-443a-8dda-49e9991e2114,肖钊,肖钊硬笔行书,√,×,×,×
381bbe08-971e-4b98-88ac-9e5776290e8c,小米主题,Roboto,√,×,×,×
7346e1cb-db35-4a8d-a913-569780536c30,小雅,流星公举体,√,×,×,×
30d1b281-1088-4226-9a16-359d42f25ac1,小雅,小雅圆嘟嘟体,√,×,×,×
84012823-6da3-4e7b-bee7-4da1a145c227,小燕,飞燕墨竹体,√,×,×,×
9c0805ec-1e9f-4caf-8b5b-ee005d6f404d,晓云,浮云潇洒体,√,×,×,×
bbf21526-876e-4385-8cc3-f1849ce8bcf9,新蒂,新蒂下午茶Music,√,√,×,×
0ba75329-b4d6-4964-9cdd-bde6b14fd5d9,新蒂字体,段宁毛笔行书,√,√,√,×
dd9b81f2-1aad-4e61-80ed-c59bf14383f0,新蒂字体,繁星下午茶,√,√,√,×
c31b4a77-a89d-4a51-a15c-1defc3419a46,新蒂字体,新蒂黑板报,√,√,√,×
755e7dba-b7c8-4654-b973-d6ab76315006,新蒂字体,新蒂剪纸体,√,√,√,×
a27fc58c-0226-4514-95a3-aa5ca35dc4d5,新蒂字体,新蒂金钟体,√,√,√,×
0689c426-a066-4128-8707-859532184bb6,新蒂字体,新蒂绿豆体,√,√,√,×
2b3de506-9ab6-4295-b53c-22724b931601,新蒂字体,新蒂泡芙体,√,√,√,×
95ccc973-6017-4a30-a302-7d16ec948e64,新蒂字体,新蒂下午茶,√,√,√,×
788cd466-0594-463a-961c-84ff7cc323a8,新蒂字体,新蒂下午茶加粗,√,√,√,×
3445390d-7a1e-4b7f-9631-8d26a7e5f62f,新蒂字体,新蒂下午茶桃心,√,√,√,×
aa5ec849-5d74-42e7-925b-56659be452c0,新蒂字体,新蒂小丸子,√,√,√,×
eac4af30-feb8-4d00-9505-0286213906d2,新蒂字体,新蒂雪山体,√,√,√,×
5e69c81e-5f40-4fc3-86df-e88bc553b3d3,新蒂字体,新蒂赵孟頮,√,√,√,×
e7ccde53-d8cf-45a6-9884-00dfa936eb3c,兄弟字库,word哥哥体,√,×,×,×
2a58983e-49fe-4a2a-b36d-3717754e0fca,兄弟字库,爱的抱抱体,√,×,×,×
f559a2fe-e5ab-4850-be74-235851f13071,兄弟字库,霸道女总裁体,√,×,×,×
b1ef89b6-2d66-4a7e-a36c-7e1832d75c5d,兄弟字库,宝玉体,√,×,×,×
3eb5d444-64b6-48fd-add2-4d461cd536d5,兄弟字库,笔尺光阴,√,×,×,×
16c49531-85f8-4002-8601-7b81bcc8e0e3,兄弟字库,毕业不说再见,√,×,×,×
9a81ccbb-723a-4b90-af53-ff9880ab05ad,兄弟字库,丁丁爱的烦恼体,√,×,×,×
5b13941e-6de5-4141-9b55-501bb5ac6af5,兄弟字库,丁丁板扎体,√,√,×,×
18cdd57f-461f-4e1b-b470-4e23316397db,兄弟字库,丁丁铂金体,√,√,×,×
2b94be28-c6a8-4ffc-967e-469962bfdb6e,兄弟字库,丁丁豆蔻年华体,√,√,×,×
7ec878e5-6226-49d7-89e0-9c5b741120cc,兄弟字库,丁丁反正很想你,√,×,×,×
16fe13f2-2480-4f65-9f94-361c8832bd71,兄弟字库,丁丁国奖哥体,√,√,×,×
1f8d8480-c7aa-4a78-b31e-17385d82697d,兄弟字库,丁丁荷塘月色体,√,×,×,×
e22893ed-8830-4e31-aef2-f263ca008d83,兄弟字库,丁丁欢乐小妖精体,√,×,×,×
d181b463-a890-459c-b66f-45f35feb7d43,兄弟字库,丁丁火柴体,√,√,×,×
02e5238c-a81c-4db8-abe8-3a528fadc099,兄弟字库,丁丁简单爱,√,×,×,×
05151572-182f-41f8-b574-1e2e4eb7658f,兄弟字库,丁丁蜡笔小新体繁,√,×,×,×
126f2ccb-563b-4643-88e0-3547ae5682c0,兄弟字库,丁丁赖床体,√,√,×,×
513b17ad-931b-4cb1-9ea4-5459139f9c12,兄弟字库,丁丁老干部体,√,×,×,×
699a6ce7-ce8c-4734-b9ad-a248bd78311b,兄弟字库,丁丁老干妈体,√,×,×,×
6fb28602-af2a-4f0a-8c04-7c8ce3244a40,兄弟字库,丁丁两小无猜体,√,×,×,×
97efa078-dfee-4bd7-9855-a0434a478660,兄弟字库,丁丁蜜桔体,√,√,×,×
6d4d0008-fc1e-474f-b03f-dc70051269af,兄弟字库,丁丁年轮体,√,×,×,×
ba4b8048-968b-4142-8e36-958d23778b94,兄弟字库,丁丁胖丫丫体,√,×,×,×
fe054495-b494-4946-8386-5fd9e65df84b,兄弟字库,丁丁漂洋过海体,√,×,×,×
f0df6877-ea6c-44d8-8e10-2f0efa822518,兄弟字库,丁丁人生赢家体,√,×,×,×
3f51fc1d-e2e2-4398-b16c-5658e4c2d522,兄弟字库,丁丁荣耀之光体,√,×,×,×
67d14ea4-7872-4622-aa24-677ce91789f2,兄弟字库,丁丁珊瑚体,√,√,×,×
d60f08f9-6ce0-4b0b-a377-0308a336627a,兄弟字库,丁丁神来之笔,√,×,×,×
cf731cfb-3478-4973-ad26-1cbeb1d79252,兄弟字库,丁丁时尚达人体,√,×,×,×
f0a54b36-5e54-486c-b2a9-2d49f60ba0d7,兄弟字库,丁丁书信体,√,×,×,×
d8f43cda-a769-4748-a869-98a3ef23d9fb,兄弟字库,丁丁暑与薯愿体,√,×,×,×
98b1207c-5d6f-4fe6-a918-8abb6ac013f4,兄弟字库,丁丁糖果小铺体,√,×,×,×
85a69f47-4d34-4e0e-abd6-363109352004,兄弟字库,丁丁团圆体,√,√,×,×
a0d637bb-5f76-4dc7-a43c-2e322a2e83b1,兄弟字库,丁丁我享青春体,√,√,×,×
a99638c3-7895-4b2e-a65c-c78262cc7bb4,兄弟字库,丁丁我心飞翔体,√,×,×,×
63559b1f-b287-454d-a5a6-b3e9830ed926,兄弟字库,丁丁五美粗体,√,×,×,×
02a83c6d-e877-42b1-bae2-26cde32d489a,兄弟字库,丁丁五美体,√,×,×,×
02c9405c-2d83-4005-96df-602935e93e8c,兄弟字库,丁丁祥云体,√,×,×,×
e554da16-69cd-459d-be23-742c2399fda8,兄弟字库,丁丁潇洒体,√,√,×,×
399beadf-a0cf-4f32-a2b1-cd13a0a02388,兄弟字库,丁丁小蹦哒体,√,×,×,×
e55cc1dc-a698-4c50-bd74-11dd9825e994,兄弟字库,丁丁小不点体繁,√,×,×,×
d1375cd9-adfb-4181-ba63-f9d42e17e6df,兄弟字库,丁丁小情书,√,×,×,×
b9246169-2dcc-4b17-9afe-50a71411c3d0,兄弟字库,丁丁小冤家体,√,×,×,×
742f184f-c7e8-4323-aba0-0d1e0f3add88,兄弟字库,丁丁优优体,√,√,×,×
f06f7ac4-2a93-4219-b644-54df7b2539a2,兄弟字库,丁丁元气少女体,√,×,×,×
0599cda6-f4c0-46c7-be4c-767d6d2e2f8c,兄弟字库,丁丁圆舞体,√,×,×,×
f4a23711-feb8-49ea-94fb-0d799f5608bd,兄弟字库,丁丁仲夏夜之梦,√,×,×,×
db1a9994-b7bd-4d57-b7bf-3eb9f6eb11dc,兄弟字库,丁香姑娘体,√,×,×,×
8de95d12-213a-4ae5-913e-7de6190da172,兄弟字库,咕噜开心果,√,×,×,×
41f0aefc-ba8a-4c8d-a527-4d3122805895,兄弟字库,咕噜小鲜肉体,√,×,×,×
6a2ca51e-c1e5-4e56-a01f-5049466d4e24,兄弟字库,枯木行草体,√,√,×,×
e66c86bc-a512-445b-af43-01c3f345f38c,兄弟字库,恋恋笔记体,√,×,×,×
ff770d0b-0450-4087-bf62-f23334cd2792,兄弟字库,匿名情书体,√,×,×,×
91fd0156-03aa-4a2e-aba2-e514dc92a175,兄弟字库,谦谦君子粗体,√,√,×,×
0ad4f8c3-dad4-433c-afe1-a60d1cd1829e,兄弟字库,谦谦君子体,√,√,×,×
89d119d9-dda6-4fa0-b9bc-edc5014df961,兄弟字库,墙裂推荐体,√,×,×,×
b53e6c52-4874-44cb-a372-10c13ab6e737,兄弟字库,丘比特体,√,×,×,×
250d5e98-4f0e-44cf-8e72-003260b5d017,兄弟字库,我逸清晨体,√,√,×,×
e3828e12-d8f3-4609-8c8c-e9085e896df5,徐南南,刘梦吟书法行楷,√,×,×,×
a0412a5e-3779-43c7-b37c-66bd2a11314f,徐南南,清茶楷体,√,×,×,×
ad3cb786-76b3-42bc-b80e-9c0bdb5d670d,杨伟,逼格青春体,×,√,×,×
3c10f33b-f699-4482-a3a7-c24cf5ce5a83,杨伟,逼格锐线体简,×,√,×,×
d2abd86f-7c99-4498-b1ae-b16ff6f88cb1,杨伟,锐线梦想黑,×,√,×,×
68af726e-17e1-4cbd-aa83-7699494f336b,杨伟,锐字逼格锐线粗体简,×,√,×,×
61d9d73d-2eae-4a0c-bdba-5a441308ac6c,杨伟,锐字工房巅峰粗黑简,×,√,×,×
4ae771e0-698e-465c-b1fc-602a77fa695f,杨伟,锐字工房荣光黑简,×,√,×,×
3393ca10-a56c-42dd-b3bc-f10dfccb9ed7,杨伟,锐字工房云字库彩云,×,√,×,×
6542be74-892b-46c1-86b0-13535fe2cb93,杨伟,锐字工房云字库超粗,×,√,×,×
104fca7a-3c52-448b-b1a7-40b95a717c21,杨伟,锐字工房云字库超黑,×,√,×,×
77827825-cc96-4320-b47f-d92f07342748,杨伟,锐字工房云字库粗黑,×,√,×,×
590d05d3-ff1b-44db-88f7-ed965eb07911,杨伟,锐字工房云字库粗圆,×,√,×,×
a0275b99-f57a-4c9b-ac8d-0218b4cc6077,杨伟,锐字工房云字库仿宋,×,√,×,×
1e20befb-51bd-4579-b08a-7a09ed77c3c6,杨伟,锐字工房云字库行草,×,√,×,×
460eb61e-032b-4755-bebc-1314269091e6,杨伟,锐字工房云字库行楷,×,√,×,×
01b0e435-cace-42c0-a83b-5d4998a603e8,杨伟,锐字工房云字库黑体,×,√,×,×
f70bab10-ef19-41fe-9a18-50975f761016,杨伟,锐字工房云字库琥珀,×,√,×,×
cc437d0e-a30a-4615-b617-0eb6f5ed90fe,杨伟,锐字工房云字库楷体,×,√,×,×
ebe05a0b-0fd9-4434-a9e2-bff4905f7400,杨伟,锐字工房云字库隶变,×,√,×,×
3694b825-3fac-45fd-8722-90ae8b76ebad,杨伟,锐字工房云字库隶书,×,√,×,×
eaae98b1-0e98-4e18-ab8c-a7ea818ef7ce,杨伟,锐字工房云字库美黑,×,√,×,×
27628efe-da53-4675-ac36-45f0de4de7f7,杨伟,锐字工房云字库锐倩,×,√,×,×
e4839e83-ef4d-4ecf-8702-f3256ea3495b,杨伟,锐字工房云字库锐宋,×,√,×,×
589679bf-8d9f-408e-b3d2-2f27a54e93f7,杨伟,锐字工房云字库书宋,×,√,×,×
c5057581-80a0-4b97-89c1-f8d6bcedab8a,杨伟,锐字工房云字库舒体,×,√,×,×
0df155ca-14a9-4a5a-855a-b8c119058015,杨伟,锐字工房云字库水柱,×,√,×,×
d831d026-f955-42b9-af14-69bd9d1ce807,杨伟,锐字工房云字库宋黑,×,√,×,×
db870539-f0bf-4279-a5cf-87c3e08c1119,杨伟,锐字工房云字库魏体,×,√,×,×
bda4724d-f1dd-4e3d-bab0-e8972d56d9b9,杨伟,锐字工房云字库细圆,×,√,×,×
11183e53-9c2a-4726-ad20-34965eebdc5c,杨伟,锐字工房云字库姚体,×,√,×,×
7f17236f-dac8-4a74-8586-73d73b4ef46f,杨伟,锐字工房云字库准圆,×,√,×,×
5e0d9dcc-5446-457c-8fbf-60bb2b3573d5,杨伟,锐字工房云字库综艺,×,√,×,×
9f4150fd-5702-4fe3-8fe9-6c4c2649cbce,杨伟,锐字工房绽放黑简,×,√,×,×
4293147e-239b-4bd7-b5e1-eb52fffe20c4,杨伟,锐字锐线极限黑简,×,√,×,×
f17ee57c-31bc-4236-b40d-fd16fa7bcb74,杨伟,锐字锐线怒放黑简,×,√,×,×
97840860-d1ed-499b-830d-4ff08a281fe0,杨伟,锐字锐线俏皮简,×,√,×,×
e02ff356-54e1-4a71-9928-7104c74cc8df,杨伟,锐字云字库大黑体,×,√,×,×
f475b315-67e9-4d32-a6aa-1d97592f1219,杨伟,云字库大标宋,×,√,×,×
84047d74-f412-477b-92b8-0b3b482426f3,杨伟,云字库胖头鱼,×,√,×,×
c30a4688-a7aa-43af-9194-f279f25b1282,杨伟,云字库锐黑粗,×,√,×,×
383f5797-db7b-4b71-83f4-1a6c8a5f3e57,杨伟,云字库锐宋粗,×,√,×,×
b0e3886c-0037-4e3c-82b3-f9aa721a8f3e,杨伟,云字库细黑体,×,√,×,×
4ff28eb2-f126-4aff-b1e7-3550a50f2945,杨伟,云字库小标宋,×,√,×,×
4cba533e-5971-4dd7-af59-9eeb399a7df7,杨伟,云字库中等线,×,√,×,×
00806d75-3160-4c52-8570-5899fb09a65b,杨伟,云字库中长宋,×,√,×,×
d6ad3b59-bb7d-4fa2-a8a3-b63347db3810,叶根友,刘德华体,√,√,√,×
7eda360c-b0c3-4a44-9f87-4bdeb6879ff7,叶根友,叶根友蚕燕隶书,√,√,√,×
1505e246-2399-44f3-a01e-4a4126142a84,叶根友,叶根友刀锋黑草,√,√,√,×
727f1073-362b-448c-8109-64035392e283,叶根友,叶根友非主流手写,√,√,√,×
a49d0b24-d7e5-4725-9b8a-5b66f8af3f67,叶根友,叶根友风帆体,√,√,√,×
46014121-1012-4a20-bf07-935611bf9e09,叶根友,叶根友钢笔行书,√,√,√,×
c017bb09-ce25-48a2-94ba-41e885859888,叶根友,叶根友行书繁,√,√,√,×
4e9f01bb-b6ff-4518-8a80-2103e95d0c97,叶根友,叶根友疾风草书,√,√,√,×
8432b54e-1c1c-4aa7-b5c5-701228f58d73,叶根友,叶根友爵宋体,√,√,√,×
035d63b3-c8d9-48d5-8414-81ff33799a53,叶根友,叶根友空心简体,√,√,√,×
cc59dd27-d454-480c-b37e-f783d1725b35,叶根友,叶根友毛笔行书,√,√,√,×
10b0a917-e0d3-403f-8a34-1207af9dca96,叶根友,叶根友千秋体,×,√,√,×
99992d8f-278d-49a5-8a17-f774bc932129,叶根友,叶根友神工体,√,√,√,×
b46b060d-37c9-412f-8af9-f6bb71646403,叶根友,叶根友唐楷,√,√,√,×
120bc787-32ba-4e43-aa69-93ba106c234d,叶根友,叶根友唐楷飞墨,√,√,√,×
07be3ede-39a6-4124-a2ca-31d230e44db4,叶根友,叶根友特楷,√,√,√,×
4d6fe20c-2f47-4501-8abe-8e3e5b85173a,叶根友,叶根友特隶,√,√,√,×
901d9633-9ebd-4d74-95a1-0eb62ac78c56,叶根友,叶根友特色简体,√,√,√,×
95f2ba7c-8ce5-47c5-b82b-47ce2427eff2,叶根友,叶根友特色空心体,√,√,√,×
4ed08fc2-283e-4ecd-b894-405a770995eb,叶根友,叶根友微宋晴雅,√,√,×,×
2f9b85cc-8d3c-4412-a653-8962366d11bb,叶根友,叶根友微圆体,√,√,√,×
b9f4f69d-c9b5-4b58-a6bc-e3d0e74ea136,叶根友,叶根友小京楷,√,√,√,×
e343a626-fadf-4f90-acc1-85d1f17ba87e,叶根友,叶根友新篆简体,√,√,√,×
dfd52036-8764-4d18-97d8-89874f4d1e3a,叶根友,叶根友圆趣卡通,√,√,√,×
eefec80d-b56d-4af2-ba24-79620d760707,义启字库,吃鸡体,√,√,×,×
148ce06f-c2c5-4ad4-a2d5-e226f59ff124,义启字库,点点墨体,√,√,×,×
653ef171-61a2-4537-bda7-0a3f315c6657,义启字库,假装有狗体,√,√,×,×
d37148c0-ed66-4c74-9428-530dda4a7137,义启字库,那年菊花开,√,√,×,×
e3a7cb3d-6f36-4be3-926f-900d609fe34d,义启字库,热得冒烟体,√,√,×,×
f663ea24-30de-4e05-8f64-49431ae82cc7,义启字库,人民的达康体,√,√,×,×
e384f2b7-ed71-45fd-8f6c-4fe0a0559525,义启字库,撒盐体,√,√,×,×
34cde691-397b-4f2f-9212-c8592e549725,义启字库,狮子座字体,√,√,×,×
2e19d148-df77-4153-b124-09d7398085d3,义启字库,双子座字体,√,√,×,×
5d2174aa-1692-437c-be67-71fc946ac7a1,义启字库,亡者农药体,√,√,×,×
f6e04689-f4c4-44a6-a251-7ba915f2ca85,义启字库,夏天体,√,√,×,×
d3e4748b-05f3-406b-bb4b-386b592f495c,义启字库,熊孩子体,√,√,×,×
3bae9047-8bb5-435d-836c-b1140f3cc074,义启字库,义启白加黑体,√,√,×,×
5296736e-f81a-4331-b8a6-a3eec69651f4,义启字库,义启畅玩抢鸿包体,√,√,×,×
f824b533-5df1-409f-998a-720c46596e65,义启字库,义启橙啧啧体,√,√,×,×
57e8af07-6d6d-475a-8449-31c7eab45270,义启字库,义启春暖花开,√,√,×,×
f8055880-76ec-41a5-846b-0c9b73b731a6,义启字库,义启春芽,√,√,×,×
7e9bb618-da3c-443c-a3f4-e52de1122991,义启字库,义启粗黑体,√,√,×,×
27bd0dd9-9c0e-461d-8839-75f388f79a2d,义启字库,义启粗楷体,√,√,×,×
63b7f8c5-bef6-4f87-88e5-886a741c4c5b,义启字库,义启大可体,√,√,×,×
c0337412-138d-481e-9707-9670ddbceae5,义启字库,义启动漫体,√,√,×,×
7068f3ff-90ef-4ce7-8c0d-14587bf4e768,义启字库,义启嘟嘟体,√,√,×,×
c1fa3685-566d-4956-8136-449673c9da54,义启字库,义启端午体,√,√,×,×
6ea3e323-c0dd-4b51-ad29-05fa6fb3d2b3,义启字库,义启仿宋体,√,√,×,×
204372c8-31c0-4921-b1fc-2db11f33a257,义启字库,义启仿宋体拼音版,√,√,×,×
dd791e4e-d876-4d15-bb83-585feb7edff5,义启字库,义启简黑体,√,√,×,×
e6e2fe73-536f-454c-a5d9-d1119bb9c100,义启字库,义启简黑体拼音版,√,√,×,×
215785b1-9f4f-41d7-8d7d-99fa895c2f78,义启字库,义启简圆体,√,√,×,×
b39ed52c-9a90-4494-b47d-05a6fcea5b69,义启字库,义启蓝瘦香菇体,√,√,×,×
6622c1b8-2fab-43ef-a7e1-ab740ca2c1a6,义启字库,义启隶书体,√,√,×,×
8bde7824-ac52-4c2b-a1fa-5736e835a44f,义启字库,义启萌妹体,√,√,×,×
6d30f31d-4371-438b-af8f-acd0f1f0118b,义启字库,义启萌雨体,√,√,×,×
e15dad02-3954-48bc-843e-8e3f9d20f102,义启字库,义启明星体,√,√,×,×
1111eb03-dcd6-40cb-bf99-295c55beb924,义启字库,义启俏黑体,√,√,×,×
fa93b507-c849-44e6-a573-c65331cae408,义启字库,义启庆国体,√,√,×,×
8851b449-edc6-42a7-873a-c21285d8bd94,义启字库,义启庆新春,√,√,×,×
35706c96-9356-4f28-8e42-d28c602304e9,义启字库,义启少年体,√,√,×,×
c9e79b9a-1576-4840-af39-e249a01bfe27,义启字库,义启圣诞体,√,√,×,×
71622173-0f6d-4c0d-909d-705c05834d36,义启字库,义启手写体,√,√,×,×
e1177a3b-477d-4a1e-818d-02f3c97a8b82,义启字库,义启书院体,√,√,×,×
7363281e-69e9-4047-af9d-a63bb9ddcf89,义启字库,义启童趣体,√,√,×,×
6164d5b6-8ef2-4285-8eae-8857cc6acaad,义启字库,义启童真体,√,√,×,×
a1bc81fa-26d6-40a1-895d-811b79a4cfa0,义启字库,义启万圣体,√,√,×,×
a87c7aca-ce34-482e-bbdf-eb30c3b8ac26,义启字库,义启未来体,√,√,×,×
19bd5c90-07f3-4919-88f7-933f35283c69,义启字库,义启魏碑体,√,√,×,×
89d888cb-0eaa-4956-b2e0-a77bdb33e71b,义启字库,义启嘻哈体,√,√,×,×
29199d67-ef28-465d-92c3-d15508a3d31f,义启字库,义启喜气洋洋体,√,√,×,×
f7f541ea-4fca-448a-ac2b-e73b81bb593a,义启字库,义启小精宋,√,√,×,×
58e9a2e7-f2e0-4c4b-bfa4-89de0450c638,义启字库,义启小楷书,√,√,×,×
b103cb2e-adc2-41a1-8bda-d4e01d99da26,义启字库,义启小魏楷,√,√,×,×
7328c3af-836f-4c25-a04c-d86a8a78834e,义启字库,义启心花怒放,√,√,×,×
8b474d70-525e-48ba-8ee7-43f8e626687b,义启字库,义启心宽体,√,√,×,×
84437109-c731-4710-a449-73a3a01fb191,义启字库,义启新宋体,√,√,×,×
430e12c0-a5bf-4cc3-9a4a-3a91ee35bc76,义启字库,义启颜值体,√,√,×,×
8ab7eebf-4f62-4f4d-8c04-e3a149ad9db6,义启字库,义启燕书秀体,√,√,×,×
ae89d5ee-5857-46ff-9a90-d3de66730ddc,义启字库,义启悠悠夏日体,√,√,×,×
d730c9f4-ae0e-462e-b290-83b6762c589b,义启字库,义启月亮后裔体,√,√,×,×
cb2836e4-840a-403a-afac-3e56b9592f91,义启字库,义启月亮体之上弦月,√,√,×,×
61e79907-90c6-4339-8809-9a3cea8eee1d,义启字库,义启质线体,√,√,×,×
0a670d51-cc52-4549-bffd-90416e30140f,义启字库,义启中秋体 特制版,√,√,×,×
14a7b0ec-7947-416f-886a-5f63bbd514f9,义启字库,义启中细体,√,√,×,×
5c0cc14b-2a93-4f42-93c3-1a67aa935abe,义启字库,义启紫水晶体,√,√,×,×
6ee11ee0-1b3f-42f9-babd-f5d37ebf216c,义启字库,义启字心体,√,√,×,×
e15069b5-87ff-4794-aa52-8c0427196319,义启字库,义启综艺体,√,√,×,×
91ea9c9c-21f2-440b-ae72-ab526508c5b4,义启字库,遇见体,√,√,×,×
241b0d8d-38e0-491a-aa6b-663ba12620c9,印品字库,印品白鹿体,√,√,×,×
267ad7ba-fdb5-4134-883b-42f357bc9203,印品字库,印品粗朗体,√,√,×,×
9dbddff1-035a-45c8-a2ea-9122d688b809,印品字库,印品抹茶体,√,√,×,×
6009cdcd-3841-47f7-81ae-dbdab9a6e66c,印品字库,印品飘艺体,√,√,×,×
b069616d-eb54-4baa-9798-af3c0d03352c,印品字库,印品睿圆体,√,×,×,×
94c29367-16ad-4830-a75e-562db383bc30,印品字库,印品瘦身体,√,√,×,×
200b2801-043f-4d4a-a312-69d9e7809f7f,于洪亮,米开于洪亮秀秀体,×,√,×,×
e4fbfd6f-2b60-4a9e-8e9a-62f17fe3ec28,于洪亮,米开于洪亮秀秀体,√,×,×,×
b80900ef-0100-4f05-b463-0b82915345e5,于洪亮,水晶之恋,√,√,×,×
36bc580f-9700-4afe-8042-795662d0d5fd,于洪亮,于洪亮钢笔行楷,×,√,×,×
df91f8cf-5a6c-449a-94ad-c3cf14f5046b,于洪亮,于洪亮钢笔行楷,√,×,×,×
3a11197e-99b2-4201-893b-43c14818ab19,于洪亮,于洪亮钢笔楷书,×,√,×,×
ba4fb20e-abcc-4cdd-8438-79956f7bc946,于洪亮,于洪亮钢笔楷书,√,×,×,×
305bdced-fd50-44fc-94e7-e8f8a2efa07b,于洪亮,于洪亮楷书加粗版8,√,×,×,×
9be35941-d636-4dad-af6b-c9adcfc2ccb3,于洪亮,于洪亮楷书加粗版8,×,√,×,×
01c0da22-4fa2-413b-8481-034012f924b8,于洪亮,于洪亮毛笔行楷,×,√,×,×
7b2501dc-7696-4eff-9a89-1125083377ac,于洪亮,于洪亮毛笔行楷,√,×,×,×
93d7f315-38ce-4b00-b7b0-023294ebeafb,于洪亮,于洪亮毛笔行楷,√,×,×,×
3db1281f-ce8b-47ee-8d8a-9fd04ae4e637,于洪亮,于洪亮毛笔隶书,√,×,×,×
ab0a2582-56b1-4b24-9042-7aca05ce3846,于洪亮,于洪亮毛笔隶书,×,√,×,×
db988068-b6c5-4c0c-a53d-f1316e0e2c3d,于洪亮,于洪亮秀美行书,√,×,×,×
f011fde5-6add-4a03-a67c-3c43d6f60db0,于洪亮,于洪亮秀美行书,×,√,×,×
0f21e5ea-4526-4eaf-b9ca-9a7b34b0c162,于洪亮,于洪亮秀秀体加粗6,√,×,×,×
d87d2516-7547-4e86-8726-d8edfbbe2b7d,于洪亮,簪花写韵,√,×,×,×
02865ef7-7663-49ae-b060-7945174f5645,禹卫,禹卫硬笔常规体,√,√,×,×
6d46a3c5-9e56-43d5-8b02-10bcf5fa9ee7,造字工房,造字工房版黑体,√,×,×,×
4069fa1b-c035-4679-a93d-0f1c9c7a94ae,造字工房,造字工房博黑体,√,×,×,×
34a171af-e108-48e6-b9ed-3052a4e3bd36,造字工房,造字工房典黑常规体,√,×,×,×
ef2f752f-25f6-425e-ba89-a2f88807d2b4,造字工房,造字工房典黑粗体,√,×,×,×
687ba658-bd4d-474e-9256-78cdb2463f24,造字工房,造字工房典黑细体,√,×,×,×
f2f62f62-7c21-447e-99a0-5a034b6ec809,造字工房,造字工房鼎黑体,√,×,×,×
06a079e4-5c7a-4e24-9d56-beac098bdc1e,造字工房,造字工房梵宋体,√,×,×,×
d2879319-b218-46ba-9e6a-19bdfe68fbeb,造字工房,造字工房方黑体,√,×,×,×
8d8611b8-9ac9-4202-8fc1-8aee65b6eff6,造字工房,造字工房黄金时代粗,√,×,×,×
6dfdb1a0-c478-47ec-a4b9-0341e9c28980,造字工房,造字工房黄金时代细,√,×,×,×
1e209152-3b94-42fa-b943-5dbee41505bc,造字工房,造字工房佳黑体,√,×,×,×
7ebf30ca-90e8-48ca-851f-a21f518810bb,造字工房,造字工房坚黑体,√,×,×,×
9c59556d-695e-4ae2-8095-2d53cabd018b,造字工房,造字工房锦华体,√,×,×,×
80ab955d-61b6-4c73-848c-555e40c4ec04,造字工房,造字工房锦华新潮体,√,×,×,×
12d91336-6722-4340-a5e5-ab01e2df2241,造字工房,造字工房锦宋体,√,×,×,×
1b05a0d0-43bc-4538-a11e-8fdc7c241b65,造字工房,造字工房劲黑体,√,×,×,×
5cdde960-21a5-43e4-9ba8-d6afdc190d7c,造字工房,造字工房景悦体,√,×,×,×
216c4027-c160-4651-87ac-75ea90c079d5,造字工房,造字工房静黑常规体,√,×,×,×
88d83d0b-2962-4a77-a226-1b78a0f0a06c,造字工房,造字工房静黑细体,√,×,×,×
b29176e3-ab11-4dd4-b785-2a66ab527ba9,造字工房,造字工房俊雅体,√,×,×,×
afb26b87-bc5b-4e55-b973-195dc9a39a74,造字工房,造字工房可可体,√,×,×,×
63aeb3ec-2206-475e-837c-e79ee802d66f,造字工房,造字工房刻宋常规体,√,×,×,×
b683ad4f-6d44-4d91-b204-9bec394bf870,造字工房,造字工房刻宋粗体,√,×,×,×
17a6f53b-9c17-4f4b-9c36-6c272599ee74,造字工房,造字工房朗倩常规体,√,×,×,×
3ea790a8-e955-44af-8fdb-a4a9deeba3e0,造字工房,造字工房朗倩细体,√,×,×,×
ef7a91c3-7783-4101-b12a-419e94a177f5,造字工房,造字工房朗宋体,√,×,×,×
75e402be-3962-4e93-9e9a-b4d8041e8a59,造字工房,造字工房力黑体,√,×,×,×
990a2e7c-ac77-48c3-961c-56135393e597,造字工房,造字工房凌黑体,√,×,×,×
d54cac06-4f63-4871-905e-4295b18c3442,造字工房,造字工房凌毅体,√,×,×,×
2b4d8930-1ab3-4f28-8969-aabbdbc0a9c4,造字工房,造字工房漫语体,√,×,×,×
884e43f3-8c4e-4d83-b974-d98f30a9b8e3,造字工房,造字工房梦缘体,√,×,×,×
d1881d7e-7499-4e70-a80a-eb3aacd8d57e,造字工房,造字工房妙妙体,√,×,×,×
077f557e-0893-45ef-bd97-53991eadbb03,造字工房,造字工房明黑体,√,×,×,×
bc0e8bf9-ad1c-4211-9592-5966541f4d19,造字工房,造字工房摩登体,√,×,×,×
507a3e42-82b7-496c-acad-ad8a4123e783,造字工房,造字工房念真体,√,×,×,×
3d4efa8c-c470-44ba-a8fa-b4c28ecc9ddb,造字工房,造字工房品宋体,√,×,×,×
5cd7142c-8527-4382-a714-8a614d046413,造字工房,造字工房情书繁体,√,×,×,×
11dec58f-2ba8-4bf2-a1ec-5eab76b29b0f,造字工房,造字工房情书体,√,×,×,×
8396df07-63d9-4bf3-b554-fc7ce3e17b49,造字工房,造字工房尚黑粗体,√,×,×,×
ddcf1e53-2c8e-418b-b84d-0a1dfcbea908,造字工房,造字工房尚黑细体,√,×,×,×
7c2200be-9578-4d6d-9e0b-28f20fc127c6,造字工房,造字工房尚雅体,√,×,×,×
810f1c58-8383-434a-97cb-a42efa5fc1c7,造字工房,造字工房思研体,√,×,×,×
e51a5ce7-9b18-49bc-b01f-453f0c14561e,造字工房,造字工房素白体,√,×,×,×
17f3cf58-2eab-41ce-b775-894c93df5490,造字工房,造字工房素白新潮体,√,×,×,×
ee2dd1ff-e2d4-45e1-a704-d2e26b6f7eaf,造字工房,造字工房童心体,√,×,×,×
f66d79c1-3062-4657-bbb0-d4c836cda9dd,造字工房,造字工房童真体,√,×,×,×
ad607b89-6cab-4f60-85c4-8f60a79b0978,造字工房,造字工房文尚体,√,×,×,×
98577623-64eb-4ec0-92b0-2861bb07d6e2,造字工房,造字工房文雅体,√,×,×,×
4ea646eb-b61e-4dc8-942d-20d624bce07d,造字工房,造字工房文研体,√,×,×,×
ac25d44f-f0b9-4775-a8aa-5f54948f0c38,造字工房,造字工房喜月体,√,×,×,×
da87d203-483d-4b34-9a7c-b94149285d53,造字工房,造字工房欣艺体,√,×,×,×
23e472f7-6276-4662-b2ef-aab2a6867afb,造字工房,造字工房星岩体,√,×,×,×
db20662a-3a30-43bd-96b8-5eed94acf4cb,造字工房,造字工房星岩新潮体,√,×,×,×
3d91405a-01f7-48fd-8799-18fbd17f4eaa,造字工房,造字工房形黑粗体,√,×,×,×
51d3039b-9086-415d-958d-d43d91fcf708,造字工房,造字工房形黑细体,√,×,×,×
ea33167c-50ba-42d9-a596-0985d805106c,造字工房,造字工房雅圆体,√,×,×,×
1f22562a-46d4-4c6d-910b-a496f8f824b3,造字工房,造字工房艺尚体,√,×,×,×
c089756b-67e4-4fc7-927e-26a2d2c97600,造字工房,造字工房逸锋体,√,×,×,×
63c5995b-2788-4b8a-b209-2dfc97b2ae9b,造字工房,造字工房毅黑体,√,×,×,×
bfec4662-20d1-4157-8735-baf4f0bdeaad,造字工房,造字工房羽逸体,√,×,×,×
667c05b4-4b1a-4292-8b94-28b7256498e7,造字工房,造字工房悦黑常规体,√,×,×,×
87ab5aed-49a4-44f2-b3cf-b023e520eff3,造字工房,造字工房悦黑细体,√,×,×,×
2ebfe0e5-4407-4921-b8ab-d70c550e3a6a,造字工房,造字工房悦圆体,√,×,×,×
5f045a21-2165-4dd3-92d6-027230218369,造字工房,造字工房云宋体,√,×,×,×
ce45b844-ccd6-4a4b-b49e-fd546b6413e8,造字工房,造字工房哲黑体,√,×,×,×
b5fb17b5-53b1-4e44-8d17-8454acb2a95b,造字工房,造字工房致黑体,√,×,×,×
418c22e5-6d48-4171-95ba-0ff837b9617b,造字工房,造字工房卓黑体,√,×,×,×
69eec3b3-1a34-4f60-88b5-a67c98eca3f0,造字工房,造字工房卓黑新潮体,√,×,×,×
c1407c64-611b-4895-ae10-e186c731ef1b,战加东,战加东硬笔楷书,√,√,×,×
29ea225f-82a5-4cbc-84b9-0708ac0712fd,章石,活字刻章体,√,×,×,×
01931d2c-b8a0-4d73-8ee5-2907044d1e36,子盟,可可呆萌体,√,×,×,×
43d161c1-3dc4-49ee-8687-373cbea3a901,子盟,可可刀塔体,√,×,×,×
8a0e7b41-aa25-4f8e-aea6-0f2f19cfe0f0,子盟,可可咕咕哒,√,√,×,×
e010c27c-2a27-479c-aa96-58755af04321,子盟,可可卡布体,√,×,×,×
4e5b2679-f55e-46a9-8406-7e0099e4e879,子盟,可可玛丽苏,√,×,×,×
caf983af-62c1-4912-9f8d-70140a4f2974,子盟,可可喵小黑,√,×,×,×
2af68141-6820-41f4-b117-e36b15a6eaf3,子盟,可可奶茶体,√,×,×,×
b457dd08-07bf-438c-aa78-7e3a4a74ceec,子盟,可可少年时代,√,×,×,×
2a6f9df1-832e-4743-92c0-1f5619ad4904,子盟,可可薯条体,√,√,×,×
8a96f1b1-0744-46b8-b0fa-67869899ce28,子盟,可可随手写体,√,√,×,×
be156f9b-9041-4bb0-a148-3fea9285fadb,子盟,可可童真体,√,×,×,×
5f0cf838-a1f3-4b52-9a34-0705a6f05257,子盟,可可仙灵体,√,×,×,×
278a7307-1b75-4c7c-ba47-a0289f16dcb1,子盟,可可纤雅体,√,√,×,×
709a6d8a-db9a-4995-925f-12852ff625be,子盟,可可小魔怪,√,×,×,×
f84926c7-5bf0-47b9-9c3f-14264a73582c,子盟,可可小尾巴,√,√,×,×
b87ac229-4c35-400d-a0ae-34dca6bba44a,子盟,可可小爪行楷,√,√,×,×
14554c82-2ec8-4f90-a80c-466d1ca68835,子盟,伟迹拆组体,√,×,×,×
2f7a5d14-65c1-4ae9-80a4-3504f5cca4f1,字咖,Aa-bad boy,√,√,√,×
bba24a73-8dab-48b1-b387-5169cefce331,字咖,Aa-爱疯6体,√,√,×,×
dee32b73-f15d-4c55-885c-73c0714f524c,字咖,Aa-爱情体,√,√,×,×
4401fc87-bf81-46f3-a774-616ea8ea4880,字咖,Aa-白色恋人,√,√,×,×
c1fd5d63-5294-436b-b46c-8b25bbec0744,字咖,Aa-白羊座,√,√,×,×
6e968559-08f0-4e24-8e9c-0b7ff87b0489,字咖,Aa-伴我心体,√,√,√,×
2d03ce24-fe28-4062-8ed0-8fd0bfe8fb09,字咖,Aa-宝贝喝奶奶,√,√,√,×
6358333a-baae-458a-a570-3a5ba3977312,字咖,Aa-奔跑吧电影,√,√,√,×
0c8a5c0a-bcbc-4e3e-932f-b9ed6abd9814,字咖,Aa-扁黑体,√,√,√,×
f881be71-5eae-45f4-8535-438ffda53be3,字咖,Aa扁圆,√,×,×,×
493eee38-1237-4b68-abed-36057e452e5b,字咖,Aa波点,√,×,×,×
09034bef-e523-41e9-9774-f55ae6586ac5,字咖,Aa博文楷书,√,×,×,×
bf614355-4b46-4a33-8cfb-c64bb0a2ce1a,字咖,Aa不语,√,×,×,×
502a9820-1f8c-458e-9dce-9ca827aef34e,字咖,Aa咘咘,√,×,×,×
ff538189-8623-49d0-b345-8637a845b838,字咖,Aa-彩虹羊,√,√,√,×
aba1ee86-6fac-4cf6-b675-90ce2eed7cab,字咖,Aa-草莓菇凉,√,×,×,×
8295a1b5-15a5-4d9b-90e9-e5668e7edd0f,字咖,Aa蝉梦体,√,×,×,×
e215b297-bc08-4b95-be3b-f6ead597ade8,字咖,Aa唱诗班少女,√,×,×,×
349f70a3-ab0c-484b-bbb9-1314aa1acdcf,字咖,Aa吃瓜群众,√,×,×,×
6bb2fe05-c55c-4a31-a99f-0d04f30f84f5,字咖,Aa-吃货体,√,√,√,×
1fe944d0-68c8-4bb5-a056-7f263d00ad0a,字咖,Aa-初恋体,√,√,√,×
63e8010e-32f1-4bc4-b849-8df75e6d51f5,字咖,Aa初吻,√,×,×,×
48a39f3f-879e-46eb-9432-e3c2124f7007,字咖,Aa-处女座,√,√,×,×
fbe0b9fc-c7c7-47ca-9551-81aa96a08d2c,字咖,Aa-粗萌体,√,√,×,×
65c48382-2c24-4302-af27-42491c2cd730,字咖,Aa粗圆,√,×,×,×
999fe69a-0f34-4ef7-a53a-4fa4afb02898,字咖,Aa-错觉空间,√,√,×,×
2109de57-2c5d-49ab-b556-aa757afdcc1a,字咖,Aa大漠,√,×,×,×
753fb680-c991-4760-b0ea-94f49e84cfac,字咖,Aa-大侦探,√,√,√,×
ebafbfb2-201c-40d9-a81a-a6c27a1a235c,字咖,Aa德古拉,√,×,×,×
8f86e3a5-9425-46b3-aade-746343fe6b0b,字咖,Aa等等拼音体,√,×,×,×
880c4ef0-64cb-4d5c-8ff0-b58af8738967,字咖,Aa-电影时光,√,√,√,×
be9ad663-9e5b-4fed-8ef6-7ae4474d0893,字咖,Aa-端午节,√,√,√,×
43cf3b55-27d5-4926-a5d3-6979a74ace70,字咖,Aa-哆啦A梦,√,√,√,×
8e40aab9-e2fa-47af-8ca3-ee0b2e3755de,字咖,Aa-饿了喵,√,√,√,×
f0172e07-8da8-4100-9700-30c4ccd9e76a,字咖,Aa二哈体,√,×,×,×
e986d9e6-7299-4ef9-9827-0817b4943a2e,字咖,Aa法式拼音,√,×,×,×
8c7f3035-5079-46e3-890a-2dcdeb4f2966,字咖,Aa-方萌,√,√,×,×
ebc3826b-63c9-413e-a579-1565660ea9b1,字咖,Aa-仿宋体,√,√,√,×
1c31cec5-4ea5-4e29-9017-aea10ece0798,字咖,Aa放放隶书,√,×,×,×
8c1eae52-68b6-42dc-adb9-60d896b0b1c8,字咖,Aa-废墟体,√,√,√,×
262605c4-6e48-471e-8530-e3165ce86fe9,字咖,Aa福气收割鸡,√,×,×,×
e65ba4fa-1d9e-4ac7-8e3b-5f7089c0e016,字咖,Aa-公主体,√,√,√,×
2dc49d54-bba2-4c41-abf7-fd615c597485,字咖,Aa-购物大狂欢,√,√,√,×
6dfb4364-ce9e-4253-bb97-90ec4a960b3c,字咖,Aa鼓浪屿的誓言,√,×,×,×
5fa6d215-f6df-4930-a3bb-285ce4ded7ca,字咖,Aa-乖小兔体,√,√,√,√
2a20acb3-f703-42ef-8b4a-2619825a1cd1,字咖,Aa-光荣绽放,√,√,√,×
884897fd-bf33-440c-ad7d-9b6dd79cc352,字咖,Aa-鬼泣,√,√,×,×
b9c0cd8c-9901-4478-8759-5fa54aebade4,字咖,Aa-海芒星体,√,√,√,×
9c517fef-6ffc-467d-a8c5-b9a996242ec6,字咖,Aa好好好想你,√,×,×,×
5af9fe24-a500-4a31-910b-4e62d18b2c37,字咖,Aa好好学习,√,×,×,×
f390aae6-a0f2-47db-9ec2-19e4e26d8c1c,字咖,Aa-黑体,√,√,√,×
ab6cf4f9-4f9b-4683-82ab-a928a3d59bf9,字咖,Aa嘿嘿黑,√,×,×,×
c6a7d098-fd50-44bd-9530-a9a16a754b63,字咖,Aa红包来啦,√,×,×,×
5e454003-d9ca-4db4-89e7-44a3ddd9b8cf,字咖,Aa-后会有七,√,√,√,×
bec8dfe6-28ae-43ba-a6e5-055e594e2789,字咖,Aa花瓣体,√,√,×,×
8950c698-2df3-4575-9e9a-6577a29eb9fa,字咖,Aa-花心蝴蝶结,√,√,√,×
8ef01ca1-2892-48e2-af08-5ce3725190f3,字咖,Aa-欢庆,√,√,√,×
f0373859-aae6-451f-b1a6-78b044a2c756,字咖,Aa-幻夜伯爵,√,√,√,×
87b3a03c-14c6-4db2-a19c-450e80c533fb,字咖,Aa-机智新番体,√,√,√,×
4e741347-1c5e-42d1-b428-13c08de0e268,字咖,Aa激萌少女心,√,×,×,×
f61bd0f9-0feb-45a7-b8c2-e4b4287a3a67,字咖,Aa几何黑体,√,×,×,×
b2bb96be-b32e-4201-80ef-1b87a577a7a3,字咖,Aa几何体,√,×,×,×
ee2b5718-46ba-4f5d-af8e-70b9c18e4bb0,字咖,Aa简行,√,√,×,×
590fb9a0-ff13-4127-b82f-75501f828522,字咖,Aa-键盘体,√,√,√,×
2d59b68b-0a8e-472e-8219-5229362101da,字咖,Aa-金牛座,√,√,×,×
ddde0f35-9d43-4b3e-bf72-bf8d093431eb,字咖,Aa-九歌体,√,√,×,×
7dbdad7f-2284-49be-b41b-0a88529ddb0a,字咖,Aa九亿少女梦,√,×,×,×
9ee558d0-aa3e-4222-a314-53744869e497,字咖,Aa旧时光拼音体,√,×,×,×
bd073418-d47c-477d-a56e-a8702a18975b,字咖,Aa居居女孩,√,×,×,×
81503fd3-c548-4406-a614-756fa14ff19a,字咖,Aa-巨蟹座,√,√,√,×
b37b1cd6-0d80-40d1-a432-e0aae6c4b876,字咖,Aa-楷体,√,√,√,×
3ea5ca4b-b63a-4b75-b8d6-ba6fd796c162,字咖,Aa可乐,√,×,×,×
5412cfb9-56c2-4fe2-bc48-fb31cd692f53,字咖,Aa来自星星的你,√,×,×,×
b5fa3780-3caa-4cd5-b147-b6aaa5415afa,字咖,Aa老外雨果体,√,×,×,×
c5086dfb-a3ab-4636-a909-d383be0e3871,字咖,Aa林老师的字,√,×,×,×
2e035bdf-e239-4e12-8537-30c102844aee,字咖,Aa-流光岁月,√,√,√,×
8d42eaca-b94e-4ab3-a1f3-80ab24776a4f,字咖,Aa-流浪诗人,√,√,√,×
88cd7f35-441f-450d-a183-ecfaf2a472eb,字咖,Aa-榴莲大叔,√,×,×,×
3a19ddb0-08d8-4434-9150-86db591fc322,字咖,Aa麦瑞可瑞斯摩斯,√,×,×,×
5b59359e-8e64-481c-b29c-dff7a92da421,字咖,Aa满心欢喜,√,×,×,×
ca12287e-19e6-4098-b052-8c12f5136b51,字咖,Aa-芒果大侠,√,×,×,×
c35b8113-feab-438e-8d61-53a57fdc68c2,字咖,Aa芒小果,√,×,×,×
47dd46b2-3390-44a3-826e-fac384e8528d,字咖,Aa-猫猫咪体,√,√,√,×
521455ae-e460-443f-a328-c1b1f72ad056,字咖,Aa玫瑰之晨,√,×,×,×
b2de5b63-294d-44d2-b5db-a06b8a5cc2ee,字咖,Aa梅花闹元宵,√,×,×,×
4b3e1f49-142a-4dd8-8263-99bec2ca9cfb,字咖,Aa-美黑体,√,√,×,×
99d1f671-ba42-46f2-a1a8-8a1eadc982ed,字咖,Aa-萌耳体,√,√,×,×
39b4018e-f6d0-4195-be14-def476923db1,字咖,Aa-萌兔奔月,√,√,√,×
d6965333-3f85-4574-a494-ff3a107b79b6,字咖,Aa-棉花糖,√,√,×,×
6d1841b6-d822-4b87-a2f3-534548d63597,字咖,Aa-喵星人体,√,√,√,×
13227199-38cc-4673-847e-db954e69834e,字咖,Aa咩咩体,√,×,×,×
5822435b-b30e-41cb-be3b-ab474dcc34cf,字咖,Aa-摩羯座,√,√,×,×
cc6c988e-db30-4f57-864e-0e6b20d12eb3,字咖,Aa娜美体,√,×,×,×
e8612ed6-8c01-46dd-bb6a-b8faae4b6591,字咖,Aa-娜娜体,√,√,√,×
6be830dd-8f99-4883-bde8-87f4dea313d6,字咖,Aa-奶酪体,√,√,√,×
7a846089-37ee-4714-925c-8350a184acea,字咖,Aa囡囡拼音体,√,×,×,×
d5eea564-2e32-45b3-a49f-e3b14ec580bd,字咖,Aa-男人帮体,√,√,√,×
b9e21694-55dc-48d2-9f53-4d33d5e24ecc,字咖,Aa柠檬小妹,√,×,×,×
752a05e5-8712-4876-81e9-4f0748f0486e,字咖,Aa牛轧糖,√,×,×,×
8623c192-d482-464a-8d39-b9d3a0472556,字咖,Aa-女人帮体,√,√,√,×
966f74fc-8ddf-45b6-896a-dac18a40b8aa,字咖,Aa胖格体,√,×,×,×
1f676114-30cc-44f6-aa01-54af49b59a48,字咖,Aa-胖小儿,√,√,√,×
14b9d7bb-2959-44f7-b7fd-9d1183353d5f,字咖,Aa-胖丫儿体,√,√,√,×
b598fe14-152b-4db5-8b4e-5b28760c28af,字咖,Aa-泼墨大师,√,√,√,×
f5d59706-a338-423a-a916-fed0bd1ce231,字咖,Aa谦谦君子,√,×,×,×
361716f3-d94c-4f4f-84f3-2e43bac835b9,字咖,Aa青葱,√,√,×,×
44413ed3-33c4-4d64-8ec8-31c459b0de3d,字咖,Aa情书不朽,√,×,×,×
af67c609-4919-4180-aa45-64434db21ad0,字咖,Aa晴天,√,×,×,×
0c3dd4e8-2c89-49d2-8aab-fa7b32b0a51f,字咖,Aa琼玉体,√,×,×,×
545440e8-bf6b-4553-ade6-bb8d1597fa4b,字咖,Aa如风往事,√,×,×,×
18a462ee-d5fc-486c-a0bd-04e6aa101db9,字咖,Aa如诗如梦,√,×,×,×
911b0c97-0fca-44ce-9296-cfbdc506de5c,字咖,Aa软妹纸,√,×,×,×
07aa1185-9066-4aad-b099-6f4cc5cc7f8f,字咖,Aa-润行体,√,√,√,×
274c141f-afcb-422f-98bf-af0b5e865065,字咖,Aa撒野,√,×,×,×
83b2081a-a696-46e3-8aeb-265a3fbce6cc,字咖,Aa三行情书体,√,×,×,×
cca93401-5411-4e4a-8b0b-68d88df0c463,字咖,Aa三行情书体加粗,√,×,×,×
79514aec-46fe-4a6a-9214-1d31fed880b3,字咖,Aa桑尼,√,×,×,×
09f9a479-7484-4d99-8a06-340eb0c52e00,字咖,Aa-闪闪像素体,√,√,√,×
d72cc4b0-9d5d-4f13-90ff-5bd6118fca23,字咖,Aa-射手座,√,√,×,×
1bfa1541-8618-4542-9a22-126b13ae6bdd,字咖,Aa-绅士做派体,√,√,√,×
0e8dfa01-21e2-4490-a5de-082b6af58cef,字咖,Aa-圣诞节,√,√,√,×
b7f1e9d8-b0d4-444e-b6a4-15ef68e73fc0,字咖,Aa圣诞小麋鹿,√,×,×,×
41d86241-6973-4fd1-95fc-866cf6300c2f,字咖,Aa-狮子座,√,√,×,×
d09d6453-1ced-4fb9-903f-e75c9828169c,字咖,Aa时光少女,√,×,×,×
47e364d4-e0c3-48fe-af43-4eb6b595095d,字咖,Aa-手写海报体,√,√,×,×
0410f409-6653-47b5-b0bc-f20dee324756,字咖,Aa-手账体,√,√,×,×
44787328-39d9-477d-972d-1a1b46af3509,字咖,Aa-双鱼座,√,√,×,×
da1f20f1-ca86-47aa-ba1c-4c5c2e4fdb82,字咖,Aa-双子座,√,√,×,×
81635b9a-d3fc-4e03-97c9-804819a15dd1,字咖,Aa-水瓶座,√,√,×,×
070f2c5b-b7dd-4019-8c1b-6d9a58775b8f,字咖,Aa司马缸砸光,√,×,×,×
1d914b69-b0f6-40db-9599-cc90b7f66fda,字咖,Aa-苏打饼体,√,√,√,×
1c568392-a47d-4aaf-beac-e39bb55b39f6,字咖,Aa随便一点,√,×,×,×
39737cf1-ee36-4c63-816b-cfa5aa515e14,字咖,Aa-糖果大趴,√,√,√,×
82192530-395c-4140-ba5e-4d9d71ec0eaf,字咖,Aa桃子小姐,√,×,×,×
b7a029c5-2a15-4d81-bb8f-4456b024e4be,字咖,Aa-天秤座,√,√,√,×
077c71b9-7379-4af1-b742-6db0c75b6fc7,字咖,Aa-天然萌物体,√,√,√,×
dec11fec-3ab2-4075-bf57-65f1fdfaaa94,字咖,Aa-天蝎座,√,√,√,×
3ac72bad-70f6-4288-8884-1484aaa440b3,字咖,Aa-天真,√,√,√,×
a3477d2f-8ce7-4183-a667-fa308b6367b5,字咖,Aa甜甜的,√,×,×,×
8248b799-a886-4095-94be-32d13785e54f,字咖,Aa-甜甜圈,√,√,×,×
ed76d310-31e2-4ccd-8eb3-94b4f2823849,字咖,Aa-童真女汉子,√,√,√,×
03e0a5bd-6373-446b-93fe-54e5e3e4dea4,字咖,Aa偷偷喜欢你,√,×,×,×
7772c9bc-b939-4754-a171-82939b656371,字咖,Aa-万圣节怪物,√,√,√,×
3da29f90-a8da-45e6-b3fc-c64b86832a4c,字咖,Aa-万圣之夜,√,√,√,×
96ec6cc6-43bd-4dc5-bd3b-0a014606debf,字咖,Aa-万物生长,√,√,√,×
dffd14cc-7022-4cb9-95dc-d8ebd42c256a,字咖,Aa-王子体,√,√,√,×
41a36a7e-2cc4-4af0-a12c-c946d2e4c96b,字咖,Aa我的小世界,√,×,×,×
a9f46bda-9d72-4668-92c9-ee3df298215a,字咖,Aa-乌克丽丽,√,√,×,×
ccc1fccb-0fe7-4474-b0dd-8fe65bb73e1e,字咖,Aa夕禾,√,√,×,×
19dc4238-fd1f-4a77-9c2e-abd68baea368,字咖,Aa-西瓜先生,√,×,×,×
8e84c53e-33eb-41e3-812d-20fec33ca106,字咖,Aa-喜气羊羊体,√,√,√,×
03459a7d-1f4d-465c-b4cf-e1fed402707e,字咖,Aa-细黑体,√,√,√,×
b65fdc00-f5ed-41d3-9d6a-03f0bb0cdad4,字咖,Aa细宋,√,×,×,×
1ef2a72b-bc2d-4d33-bc97-5c6e419f41ff,字咖,Aa-细圆体,√,√,√,×
bfa8f072-163a-4b22-8420-e7b17fb5239b,字咖,Aa仙风道骨体,√,×,×,×
abccd3d6-2c01-4854-b519-f7d8d782d209,字咖,Aa相思行楷,√,×,×,×
c9e84fde-8076-4438-b05b-d581f9e8cac0,字咖,Aa橡皮皇后,√,×,×,×
fa631e6e-f992-4f7c-b25d-9eec40d7ed9d,字咖,Aa潇洒瘦金体,√,×,×,×
21571610-a7fe-464c-881e-a80a1770e8b1,字咖,Aa小点点体,√,×,×,×
95934ace-f42c-49f2-bd1f-da04df8cf1e7,字咖,Aa小狐狸,√,×,×,×
33ebb348-b266-4d26-840f-174d1d01ec0c,字咖,Aa小狐狸加粗,√,×,×,×
6cac235c-2fa4-4be1-b308-1347cddb0666,字咖,Aa小狐狸加粗,√,×,×,×
65bfc6e8-c696-42e3-b919-059430622db8,字咖,Aa-小鹿体,√,√,×,×
4c812d7d-14f4-466a-9533-51ec5526fb39,字咖,Aa小美好,√,×,×,×
a09ee66e-1b56-4381-98fd-6309f4060c63,字咖,Aa-小南瓜,√,√,×,×
9dbd0720-fb5f-4949-b918-8fdc432189c3,字咖,Aa小泡芙拼音体,√,×,×,×
d0155695-dac2-470d-8260-b384df2bd661,字咖,Aa小情歌,√,×,×,×
ac115454-df24-45b4-9b71-99f7cbc07bc5,字咖,Aa小仙女,√,×,×,×
8cd4fdfe-9182-4bf6-be07-074583d072e5,字咖,Aa-小小心体,√,√,×,×
576bf47e-3725-4dc5-8b20-660ab21410cd,字咖,Aa小星星,√,×,×,×
966b1bd1-5d8c-4222-abc4-e4e07d105ad2,字咖,Aa小轶行书,√,×,×,×
83652607-5e34-40db-8276-18251b5aaf0a,字咖,Aa小轶手札,√,×,×,×
c8bcea9c-af19-493d-bca1-6b99c893a231,字咖,Aa-小猪体,√,√,√,×
df9dfa08-ee66-4d75-a712-5ff3be83c3a6,字咖,Aa心有猛虎体,√,×,×,×
dad09e42-bb66-4b60-87f4-407556420f42,字咖,Aa-星空体,√,√,√,×
17011556-0fa1-4910-b167-30a07d378ac3,字咖,Aa星心体,√,×,×,×
4af8e5b4-e552-4e49-8efc-8404e38da42c,字咖,Aa-星星结体,√,√,√,√
6ad08833-de5f-40ff-a2ca-e9f1ef971386,字咖,Aa星玥体,√,×,×,×
8507848d-1d9e-41ee-a3f0-4fd9014ae8b6,字咖,Aa醒醒呀,√,×,×,×
400da8a4-fe68-4c6a-814e-500ccc8c896f,字咖,Aa-幸运草,√,√,×,×
7341989d-00e5-4779-ab72-3d8857f7fcef,字咖,Aa-熊猫宝宝,√,√,√,×
1f26b0e6-3434-4b7b-9bf4-d6bfcad9344b,字咖,Aa秀秀体,√,×,×,×
6bb2fbbc-53b9-41e7-89e4-ef25cfdfa1e2,字咖,Aa许愿瓶,√,×,×,×
7b7fe971-db3b-4228-8f75-64f77916ef89,字咖,Aa-学渣体,√,√,√,×
f7565106-debb-4333-8351-90bb357a6233,字咖,Aa-言叶之庭,√,×,×,×
e5c110e5-b38a-4a5d-8398-7fb297ff8cf4,字咖,Aa盐汽水,√,×,×,×
b50432af-21a2-4d1d-b7e6-08e7bf84f578,字咖,Aa羊咩咩,√,×,×,×
f5d58d72-6e28-4cdc-95ab-61c195412d98,字咖,Aa窈窕淑女,√,×,×,×
d4d3f801-6e80-4e6c-bdce-ebf8ba7b9011,字咖,Aa椰圆,√,×,×,×
4a8ffa71-3ea7-41c7-9e32-bafbfbe9859e,字咖,Aa-夜茴体,√,√,×,×
41d8a0a7-af2a-4aa6-b0ea-91a581db8096,字咖,Aa一生被爱,√,×,×,×
ab6f0eac-13d7-4eb0-bede-9a23b26af1d1,字咖,Aa-印象,√,√,√,×
5121661b-5e30-4645-9331-0a0fcf8a60ee,字咖,Aa-悠然粉可爱,√,√,√,×
0ca6572c-da43-4599-885a-d9f50bd52a1b,字咖,Aa游云体,√,×,×,×
fe7ec120-3dd2-4100-9f17-61fa7cc9e5eb,字咖,Aa-幼儿园体,√,√,×,×
0af21bbf-3e85-4d12-929c-2337caa55054,字咖,Aa-鱼泡泡体,√,√,√,√
31ccaa8a-92f8-401b-bbc7-2d099f92482d,字咖,Aa预言家,√,×,×,×
ee3defef-34d0-4b1b-b342-6c45186a3d17,字咖,Aa芝士的力量,√,×,×,×
f0c00909-fac8-4961-81c3-0a51a5876a16,字咖,Aa-纸胶带,√,×,×,×
c0d3a6ae-ab37-44fc-8517-83cf0ab3de9a,字咖,Aa中宋,√,×,×,×
a3de9805-185a-4c93-9d5b-8b46de64af11,字咖,Aa醉清风,√,×,×,×
95562e4a-0f67-4476-b9b9-045caa3a58f5,字咖,电影时光,×,√,√,×
4a2cb573-da52-4a82-bb82-63cefe2d949c,字咖,为了忘却的纪念,×,√,×,×
3c05933e-c072-4327-a16b-719830b8b334,字咖,小电视体,√,×,×,×
e3645f7f-9694-4f1a-92b4-6eaaaf4fdfa8,字咖工作室,单身男女体,×,√,√,×
20ebaa6d-e41b-4b6b-9029-98b4ed70451c,字咖工作室,恐怖怪物体,×,√,√,×
3e782a7a-5848-4713-88cc-a72ca58584a1,字咖工作室,落叶体,×,√,√,×
b8bfda20-7d47-46ce-a5d1-b0662f954635,字咖工作室,情人节体,×,√,×,×
570a7501-ec31-4a9e-a33d-ba719ce996fe,字咖工作室,万花筒体,×,√,√,×
3d0ff043-7275-4924-95be-660db6320781,字咖工作室,细圆黑体,×,√,√,×
451f6ebf-6f3b-4550-abc7-a585ca17892c,字咖工作室,愚人节体,×,√,×,×
008704b1-27cd-4d03-b6e6-e958989ecff5,字心坊,字心坊诗雅体常规体,√,×,×,×
d9adf91e-5177-454f-9317-332336bc2d63,字心坊,字心坊诗雅体细体,√,×,×,×
a481d881-d08a-4373-8f05-3362bd0c8ccb,字心坊,字心坊夏梦手书,√,×,×,×
c43c2a74-8745-4f3d-aba8-79080e9f9d16,字心坊,字心坊轩雅体常规体,√,×,×,×
647dfa9c-9814-4e9a-a4e8-929f89e52d91,字心坊,字心坊轩雅体细体,√,×,×,×
